acanthurus olivaceus,Orangeshoulder Tang;Orange Band Surgeonfish,acanthurus,acanthuridae,oriental,reef,NE
acanthurus pyroferus,Chocolate Tang;Chocolate Surgeonfish,acanthurus,acanthuridae,indian ocean;pacific ocean;australian,reef,NE
aceros corrugatus,Wrinkled Hornbill;Sundra Wrinkled Hornbill,aceros,bucerotidae,oriental,rainforest,NT
acinonyx jubatus,Cheetah;Hunting Leopard,acinonyx,felidae,ethiopian;oriental;palearctic,desert/dune;savanna/grassland,VU
acryllium vulturinum,Vulturine Guineafowl,acryllium,numididae,ethiopian,savanna/grassland;scrub forest,LC
addax nasomaculatus,Addax,addax,bovidae,ethiopian,desert/dune;savanna/grassland,CR
aegolius acadicus,Northern Saw-Whet Owl,aegolius,strigidae,nearctic,forest,LC
aegypius monachus,Cinereous Vulture,aegypius,accipitridae,palearctic,forest,NT
afropavo congensis,Congo Peafowl,afropavo,phasianidae,oriental,forest,VU
agalychnis callidryas,Red-Eyed Tree Frog,agalychnis,hylidae,neotropical,forest;rainforest,LC
agalychnis lemur,Lemur Leaf Frog,agalychnis,hylidae,neotropical,forest,CR
agama agama,Common Agama,agama,agamidae,ethiopian,desert,NE
agapornis personatus,Masked Lovebird;Yellow-Collared Lovebird,agapornis,psittaculidae,ethiopian,forest;shrub forest,LC
agkistrodon bilineatus,Taylor's Cantil,agkistrodon,viperidae,neotropical,coastal,NT
agkistrodon contortrix,Copperhead,agkistrodon,viperidae,nearctic,savanna/grassland,LC
agkistrodon piscivorus,Cottonmouth,agkistrodon,viperidae,nearctic,savanna/grassland,LC
ailuroedus buccoides,White-Eared Catbird,ailuroedus,ptilonorhynchidae,oriental,forest,LC
ailuropoda melanoleuca,Giant Panda,ailuropoda,ursidae,oriental,forest,VU
ailurus fulgens,Red Panda,ailurus,ailuridae,oriental,forest; mountains,EN
aix galericulata,Mandarin Duck,aix,anatidae,oriental,lake,LC
aix sponsa,Wood Duck;Carolina Duck,aix,anatidae,nearctic,swamp;marsh;lakes,LC
aldabrachelys gigantea,Aldabra Tortoise,aldabrachelys,testudinidae,ethiopian,desert/dune;savanna/grassland;scrub forest;coastal;swamp,VU
alectura lathami,Australian Brush Turkey;Scrub Turkey,alectura,megapodiidae,australian,rainforest;forest;scrub forest,LC
allenopithecus nigroviridis,Swamp Monkey;Allen's Swamp Monkey,allenopithecus,cercopithecidae,ethiopian,forest;rainforest,LC
alligator mississippiensis,American Alligator,alligator,crocodylidae,nearctic,lakes;rivers;coastal;brackish water;marsh;swamp;urban;suburban,LC
alligator sinensis,Chinese Alligator,alligator,crocodylidae,oriental,rivers;lakes;swamp,CR
alopochen aegyptiacus,Egyptian Goose,alopochen,anatidae,ethiopian,lakes;rivers,LC
alouatta caraya,Black Howler Monkey,alouatta,atelidae,neotropical,forest;rainforest,LC
amaurornis flavirostra,Black Crake,amaurornis,rallidae,ethiopian,marsh,LC
amazona leucocephala,Cuban Amazon Parrot,amazona,psittacidae,neotropical,forest,NT
amazona oratrix,Yellow-Headed Amazon,amazona,psittacidae,neotropical,forest;rainforest,EN
amazona viridigenalis,Red-Crowned Amazon;Red-Crowned Parrot;Green-Cheeked Amazon;Mexican Red-Headed Parrot,amazona,psittacidae,neaerctic,scrub forest;chaparral;suburban,EN
amazonetta brasiliensis,Brazilian Teal,amazonetta,anatidae,neotropical,forest,LC
amblonyx cinerea,Oriental Small-Clawed Otter,amblonyx,mustelidae,oriental,lakes;rivers,VU
ambystoma californiense,California Tiger Salamander,ambystoma,ambystomatidae,nearctic,lakes,VU
ambystoma maculatum,Spotted Salamander,ambystoma,ambystomatidae,nearctic,forest;marsh,LC
ambystoma mavortium,Barred Tiger Salamander,ambystoma,ambystomatidae,nearctic,forest,CR
ambystoma mexicanum,Axolotl,ambystoma,ambystomatidae,nearctic,lakes,CR
ambystoma opacum,Marbled Salamander,ambystoma,ambystomatidae,nearctic,forest,LC
ammospermophilus harrisii,Harris' Antelope Squirrel,ammospermophilus,sciuridae,nearctic,savanna/grassland,LC
ammotragus lervia,Aoudad,ammotragus,bovidae,ethiopian,desert/dune;savanna/grassland;mountains,VU
amphiprion clarkii,Black Clownfish;Brown Anemonefish,amphiprion,pomacentridae,indian ocean;pacific ocean,reef,NE
amphiprion ocellaris,Ocellaris Clownfish;Clown Anemonefish;Common Clownfish,amphiprion,pomacentridae,oriental;australian;pacific ocean,reef,NE
amphiprion percula,Percula Clownfish;Blackfinned Clownfish,amphiprion,pomacentridae,indian ocean;pacific ocean,reef;coastal,NE
anartia jatrophae,White Peacock Butterfly,anartia,nymphalidae,nearctic;neotropical,savanna/grassland;forest;scrub forest;rivers;suburban;riparian,NE
anas acuta,Pintail Duck,anas,anatidae,nearctic,lakes;rivers,LC
anas americana,American Widgeon,anas,anatidae,nearctic,rivers;swamp,LC
anas capensis,Cape Teal,anas,anatidae,ethiopian,lakes,LC
anas carolinensis,Green Winged Teal Duck,anas,anatidae,nearctic,marsh,LC
anas clypeata,Northern Shoveler,anas,anatidae,palearctic,marsh,LC
anas cyanoptera,Cinnamon Teal Duck,anas,anatidae,nearctic,lake;marsh,LC
anas discors,Blue Winged Teal,anas ,anatidae,nearctic,marsh,LC
anas formosa,Baikal Teal;Bimaculate Duck;Squawk Duck,siberonetta,anatidae,palearctic;holarctic,tundra;taiga;lakes;rivers;brackish water;marsh;swamp;bog,VU
anas laysanensis,Laysan Duck;Laysan Teal,ana,anatidae,island endemic,savanna/grassland;lakes,CR
anas platyrhynchos,Mallard Duck,anas,anatidae,cosmopolitan,taiga;savanna/grassland;forest;rainforest;scrub forest;lakes;rivers;coastal,LC
anas querquedula,Garganey teal,anas,anatidae,palearctic,marsh,LC
anas undulata,Yellow-Billed Duck,anas,anatidae,ethiopian,lakes;rivers,LC
anaxyrus americanus,American Toad,anaxyrus,bufonidae,nearctic,rivers;lake,LC
anaxyrus boreas boreas,Boreal Toad,bufo,bufonidae,nearctic,mountain,NE
anaxyrus houstonensis,Houston Toad,anaxyrus,bufonidae,nearctic,savanna/grassland;forest,EN
anaxyrus woodhousii,Woodhouse Toad,anaxyrus,bufonidae,nearctic,forest;river,LC
anodorhynchus hyacinthinus,Hyacinth Macaw,anodorhynchus,psittacidae,neotropical,savanna/grassland;forest,VU
anolis ecomorphs,Hispaniolan Giant Anole,anolis,dactyloidae,nearctic,swamps;forest;suburb,LC
anotheca spinosa,Spiny-Headed Tree Frog,anotheca,hylidae,neotropical,rainforest,LC
anser cygnoides,Swan Goose,anser,anatidae,oriental,lakes,VU
anseranas semipalmata,Magpie Goose,anseranas,anseranatidae,australian,coastal;marsh;swamp;riparian,LC
anthracoceros albirostris,Oriental Pied Hornbill,anthracoceros,bucerotidae,oriental,forest,LC
anthropoides paradiseus,Stanley Crane,anthropoides,gruidae,ethiopian,savanna/grassland,VU
antidorcas marsupialis,Springbok,antidorcas,bovidae,ethiopian,savanna/grassland,LC
antilocapra americana,Pronghorn;American Antelope,antilocapra,antilocapridae,nearctic,savanna/grassland,LC
antilope cervicapra,Blackbuck,antilope,bovidae,oriental,savanna/grassland,NT
aphonopelma hentzi,Brown tarantula,aphonopelma,theraphosidae,nearctic,savanna/grassland,NE
apis mellifera,Italian Honey Bees,apis,apidae,palearctic,forest,NE
aptenodytes patagonicus,King Penguin,aptenodytes,spheniscidae,holarctic,taiga,LC
apteryx mantelli,Northern Brown Kiwi,apteryx,apterygidae,australian,forest;scrub forest,EN
aquila chrysaetos,Golden Eagle,aquila,accipitridae,nearctic;palearctic,forest,LC
ara ararauna,Blue-And-Yellow Macaw,ara,psittacidae,neotropical,rainforest,LC
ara chloropterus,Red-And-Green Macaw;Green-Winged Macaw,ara,psittacidae,neotropical,rainforest,LC
ara glaucogularis,Blue-Throated Macaw;Caninde Macaw;Wagler's Macaw,ara,psittacidae,neotropical,savanna/grassland;forest,CR
ara macao,Scarlet Macaw,ara,psittacidae,neotropical,rainforest,LC
ara militaris,Military Macaw,ara,psittacidae,neotropical,forest;rainforest,VU
ara rubrogenys,Red-Fronted Macaw,ara,psittacidae,neotropical,desert/dune;savana/grassland,EN
aratinga solstitialis,Sun Parakeet;Sun Conure,aratinga,psittacidae,neotropical,rainforest;forest,EN
archosargus probatocephalus,Sheepshead,archosargus,sparidae,atlantic ocean,coastal,NE
arctictis binturong,Binturong,arctictis,viverridae,palearctic,forest,VU
arctitis binturong,Binturong;Bearcat,arctitis,viverridae,oriental,rainforest;forest;savanna/grassland;mountains,VU
ardea alba,Great Egret;Common Egret;Large Egret;Great White Heron,ardea,ardeidae,nearctic,lakes;rivers;coastal;brackish water;marsh;swamp;bog;riparian;estuarin,LC
ardea goliath,Goliath Heron,ardea,ardeidae,ethiopian,lakes;rivers,LC
ardeola speciosa,Javan Pond Heron,ardeola,ardeidae,oriental,lakes;rivers,LC
ardeotis kori,Kori Bustard,ardeotis,otididae,ethiopian;oriental;australian,savanna/grassland;scrub forest,NT
argusianus argus,Great Argus Pheasant,argusianus,phasianidae,oriental,forest,NT
arothron hispidus,Stars And Stripes Puffer,arothron,tetraodontidae,indian ocean;pacific ocean,reef;coastal,NE
ascia monuste,Great Southern White Butterfly,ascia,pieridae,nearctic,marsh;suburban,NE
aspidelaps lubricus,Coral Cobra,aspidelaps,elapidae,ethiopian,scrub forest,NE
aspidites ramsayi,Woma Python,aspidites,pythonidae,australian,desert/dune;scrub forest,EN
astrochelys radiata,Radiated Tortoise,astrochelys,testudinidae,madagascan,forest,CR
ateles fusciceps,Black-Headed Spider Monkey,ateles,atelidae,neotropical,forest;rainforest,CR
ateles geoffroyi vellerosus,Mexican Spider Monkey,ateles,atelidae,neotropical,rainforest,CR
ateles hybridus,Brown Spider Monkey,ateles,atelidae,neotropical,forest;rainforest,CR
atelopus zeteki,Panamanian Golden Frog,atelopus,bufonidae,neotropical,rivers;rainforest;forest,CR
athene cunicularia,Burrowing Owl,athene,strigidae,nearctic;neotropical,desert/dune,LC
atractosteus spatula,Alligator Gar,atractosteus,lepisosteidae,nearctic,brackish water,NE
aulacorhynchus prasinus,Toucanet,aulacorhynchus,ramphastidae,neotropical,rainforest,LC
aurelia aurita,Moon Jelly;Saucer Jelly,aurelia,ulmaridae,indian ocean;atlantic ocean;pacific ocean,reef;lakes;coastal,NE
avicularia versicolor,Martinique Pinktoe Tarantula,avicularia,theraphosidae,neotropical,forest,NE
axis axis,Chital;Cheetal;Axis Deer;Spotted Deer,axis,cervidae,oriental,savanna/grassland;riparian,LC
aythya affinis,Lesser Scaup,aythya,anatidae,neotropical,marsh;tundra,LC
aythya americana,Red Head Duck,aythya,anatidae,nearctic,marsh,LC
aythya valisineria,Canvasback,aythya,anatidae,neatctic,lakes;rivers;coastal;brackish water;marsh;estuarine,LC
babyrousa celebensis,North Sulawesi Babirusa,babyrousa,suidae,oriental,forest;riparian,VU
balaeniceps rex,Shoebill Stork,balaeniceps,balaenicipitidae,ethiopian,swamp,VU
balearica pavonina,Black-Crowned Crane,balearica,gruidae,ethiopian,savanna/grassland,VU
balearica regulorum gibbericeps,East African Crowned Crane;Grey Crowned Crane,balearica,gruidae,ethiopian,savanna/grassland;marsh,VU
balistoides conspicillum,Clown Triggerfish;Bigspotted Triggerfish,balistoides,balistidae,indian ocean;pacific ocean,reef,NE
basiliscus basiliscus,Green Basilisk,basiliscus,corytophanidae,neotropical,rainforest,LC
bassariscus astutus,Ringtail Cat,bassariscus,procyonidae,nearctic,desert,LC
batagur borneoensis,Painted Terrapin;Painted Batagur;Saw-Jawed Turtle,batagur,geoemydidae,oriental,rainforest,CR
bettongia penicillata,Woylie;Brush-Tailed Bettong,bettongia,potoroidae,australian,forest,CR
bison bison,American Bison,bison,bovidae,nearctic,savanna/grassland;forest;scrub forest,NT
bitis gabonica,Gaboon Viper,bitis,viperidae,ethiopian,rainforest;swamp;estuarine,NE
blaberus giganteus,Central American Giant Cave Cockroach,biaberus,blaberidae,neotropical,rainforest,NE
boa constrictor,Boa Constrictor,boa,boidae,neotropical,rainforest,NE
boiga dendrophila,Mangrove Snake,boiga,colubridae,palearctic,rainforest;swamp,LC
bombina orientalis,Oriental Fire-Bellied Toad,bombina,bombinatoridae,palearctic;oriental,forest;lakes;rivers;marsh;swamp;riparian,LC
bos gaurus,Gaur;Indian Bison,bos,bovidae,oriental,forest,VU
bos taurus,Cattle,bos,bovidae,cosmopolitan,desert/dune;savanna/grassland;chaparral;forest;scrub forest;agricultural,NE
bos texanus,Texas Longhorn,bos,bovidae,nearctic,savanna/grassland,NE
bostrychia hagedash,Hadada Ibis,bostrychia,threskiornithidae,ethiopian,rivers;savanna/grassland,LC
bothriechis rowleyi,Mexican Palm-Pitviper,bothriechis,viperidae,neotropical,forest,VU
bothriechis schlegelii,Eyelash Viper,bothriechis,viperidae,neotropical,forest;rainforest,NE
bothrops erythromelas,Caatinga Lance-Head Viper;Jararaca-Da-Seca,bothrops,viperidae,neotropical,forest,LC
brachylophus bulabula,Fiji Island Banded Iguana,brachylophus,iguanidae,island endemic,rainforest,EN
brachypelma albopilosum,Curly Hair Tarantula,brachypelma,theraphosidae,neotropical,scrub forest,NE
brachypelma smithi,Mexican Red-Knee Tarantula,brachypelma,theraphosidae,nearctic;neotropical,rainforest;scrub forest,NT
branta canadensis,Canada goose,branta,anatidae,nearctic,lakes,LC
branta ruficollis,Red-Breasted Goose,branta,anatidae,holarctic,tundra;taiga,VU
branta sandvicensis,Nene;Hawaiian Goose,branta,anatidae,island endemic,savanna/grassland;coastal;suburban,VU
bubalus depressicornis,Anoa,bubalus,bovidae,oriental,forest;swamp,EN
bubo bubo,Eurasian Eagle Owl,bubo,strigidae,palearctic;oriental;ethiopian;cosmopolitan;holarctic,tundra;taiga;desert/dune;forest;mountains;scrub forest;suburban,LC
bubo lacteus,Verreaux's Eagle Owl;Milky Eagle Owl;Giant Eagle Owl,bubo,strigidae,ethiopian,savanna/grassland;riparian;scrub forest,LC
bubo scandiacus,Snowy Owl,bubo,strigidae,nearctic;palearctic,forest,LC
bubo virginianus,Great Horned Owl,bubo,strigidae,neotropical;nearctic,forest;mountains,LC
bubulcus ibis,Cattle Egret,bubulcus,ardeidae,palearctic;ethiopian;cosmopolitan,savanna/grassland;forest;rainforest;scrub forest,LC
bucephala albeola,Bufflehead,bucephala,anatidae,nearctic,forest;lakes;rivers;brackish water;coastal;marsh;swamp;riparian;estuarine,LC
bucephala islandica,Barrow's Goldeneye,bucephala,anatidae,nearctic;palearctic,forest;lakes;rivers;coastal;estuarine,LC
buceros bicornis,Great Hornbill,buceros,bucerotidae,oriental,forest,NT
buceros rhinoceros,Rhinoceros Hornbill,buceros,bucerotidae,oriental,rainforest,NT
bucorvus leadbeateri,Southern Ground Hornbill,bucorvus,bucerotidae,ethiopian,savanna/grassland,VU
budorcas taxicolor,Takin,budorcas,bovidae,palearctic,mountains,VU
budorcas taxicolor tibetana,Sichuan Takin,budorcas,bovidae,palearctic,forest,VU
bugeranus carunculatus,Wattled Crane,bugeranus,gruidae,ethiopian,savanna/grassland;lakes;rivers;marsh;riparian,VU
burhinus capensis,Cape Thick-Knee;Spotted Thick-Knee;Spotted Dikkop,burhinus,burhinidae,ethiopian,savanna/grassland,LC
buteo jamaicensis,Red-Tailed Hawk,buteo,accipitridae,nearctic,desert/dune;savanna/grassland;forest;urban,LC
buteo lagopus,Rough-Legged Buzzard;Rough-Legged Hawk,buteo,accipitridae,nearctic,forest;scrub forest,LC
buteo lineatus,Red shouldered hawk,buteo,accipitridae,neotropical;nearctic,coastal,LC
buteo solitarius,Hawaiian Hawk,buteo,accipitridae,island endemic,forest,NT
buteo swainsoni,Swainson Hawk,buteo,accipitridae,nearctic,savanna/grassland,LC
butorides virescens,Green Heron,butorides,ardeidae,nearctic,lakes;rivers,LC
bycanistes brevis,Silvery-Cheeked Hornbill,bycanistes,bucerotidae,ethiopian,rainforest;forest,LC
bycanistes bucinator,Trumpeter Hornbill,bycanistes,bucerotidae,ethiopian,forest,Lc
cacatua galerita,Sulphur-Crested Cockatoo,cacatua,cacatuidae,australian,rainforest,LC
cacatua moluccensis,Salmon-Crested Cockatoo,cacatua,cacatuidae,oriental,forest,VU
cacatua sanguinea,Little Corella;Bare-Eyed Cockatoo;Blood-Stained Cockatoo;Short-Billed Corella;Little Cockatoo;Blue-Eyed Cockatoo,cacatua,cacatuidae,australian,forest;savanna/grassland,LC
cacatua sulphurea,Yellow-Crested Cockatoo;Lesser Sulphur-Crested Cockatoo,cacatua,cacatuidae,oriental,forest,CR
cacicus cela,Yellow-Rumped Cacique,cacicus,icteridae,neotropical,forest,LC
caiman crocodilus,Spectacled Caiman,caiman,alligatoridae,neotropical,river,LC
cairina moschata,Muscovy Duck,cairina,anatidae,nearctic,lakes,LC
callicebus donacophilus,White-Eared Titi;Bolivian Titi,callicebus,pitheciidae,neotropical,rainforest;forest,LC
callimico goeldii,Goeldi's Marmoset;Goeldi's Monkey,callimico,callitrichidae,neotropical,rainforest;forest,VU
callipepla gambelii,Gambel's Quail,callipepla,odontophoridae,nearctic,desert,LC
callithrix geoffroyi,White-Headed Marmoset;Geoffroy's Marmoset,callithrix,callitrichidae,neotropical,rainforest,LC
callonetta leucophrys,Ringed Teal Duck,callonetta,anatidae,neotropical,swamp;marsh;lakes,LC
calloplesiops altivelis,Comet;Marine Betta,calloplesiops,plesiopidae,indian ocean;pacific ocean,reef,NE
callosciurus prevostii,Prevost's Squirrel;Asian Tri-Colored Squirrel,callosciurus,sciuridae,oriental,forest,LC
calocitta colliei,Black-Throated Magpie Jay,calocitta,corvidae,neotropical,forest;scrub forest;riparian,LC
caloenas nicobarica,Nicobar Pigean,caloenas,columbidae,oriental,forest;coastal;rainforest,NT
camelus bactrianus,Bactrian Camel,camelus,camelidae,palearctic,desert/dune;savanna/grassland,NE
camelus dromedarius,Dromedary Camel,camelus,camelidae,palearctic,desert/dune;savanna/grassland,NE
canis latrans,Coyote,canis,canidae,nearctic,taiga;desert/dune;savanna/grassland;chaparral;forest;scrub forest;mountains;swamp;urban;suburban;riparian,LC
canis lupus,Gray Wolf,canis,canidae,nearctic;palearctic,tundra;taiga;chaparral;forest;scrub forest;mountains,LC
canis lupus baileyi,Mexican Gray Wolf;Lobo,canis,canidae,nearctic,frest;savanna/grassland,EN
canis lupus dingo,Dingo,canis,canidae,oriental;australian,forest;suburban,VU
canis lupus familiaris,Domestic Dog,canis,canidae,palearctic,savanna/grassland,NE
canis rufus,Red Wolf,canis,canidae,nearctic,forest;scrub forest,CR
capra aegagrus hircus,Dwarf Nigerian Goat,capra,bovidae,palearctic,suburban,LC
capra falconeri heptneri,Bukharan Markhor;Turkomen Markhor ,capra,bovidae,palearctic,savanna/grassland,EN
capra hircus,Domestic Goat,capra,bovidae,palearctic;cosmopolitan,taiga;desert/dune;savanna/grassland;chaparral;forest;rainforest;scrub forest;mountains,NE
capra hircus hircus,West African Pygmy Goat,capra,bovidae,nearctic,savanna/grasslands,NE
capra nubiana,Nubian Ibex,capra,bovidae,palearctic,desert/dune;mountains,VU
caracal caracal,Caracal,caracal,felidae,ethiopian,savanna/grassland,LC
caracara cheriway,Northern Crested Caracara,caracara,falconidae,nearctic;neotropical,savanna/grassland,NE
caranx hippos,Crevalle Jack;Common Jack;Black-Railed Trevally;Couvalli Jack;Black Cavalli;Jack Crevale;Yellow Cavalli,caranx,carangidae,atlantic ocean,ocean,NE
carcharhinus melanopterus,Blacktip Reef Shark,carcharhinus,carcharhinidae,indian ocean;pacific ocean,ocean;brackish water;coastal,NT
carcharhinus plumbeus,Sandbar Shark,carcharhinus,carcharhinidae,atlantic ocean;pacific ocean,ocean,VU
carcharias taurus,Sand Tiger Shark,carcharias,odontaspididae,atlantic ocean;pacific ocean,ocean,VU
cardinalis cardinalis,Northern Cardinal,cardinalis,cardinalidae,nearctic,swamp;forest,LC
carettochelys insculpta,Pig-Nosed Turtle,carettochelys,carettochelyidae,australian,ocean;brackish water;coastal,VU
cariama cristata,Red-Legged Seriema,cariama,cariamidae,neotropical,coastal,LC
carollia perspicillata,Seba's Short-Tailed Bat,carollia,phyllostomidae,neotropical,forest,LC
castor canadensis,North American Beaver,castor,castoridae,nearctic,rivers,LC
casuarius casuarius,Double-Wattled Cassowary;Southern Cassowary,casuarius,casuariidae,australian,rainforest,VU
catagonus wagneri,Chacoan Peccary;Tagua,catagonus,tayassuidae,neotropical,scrub forest,EN
cathartes aura,Turkey Vulture;Turkey Buzzard;John Crow;Carrion Crow,cathartes,cathartidae,neotropical;nearctic,tundra;desert/dune;savanna/grassland;chaparral;forest;mountains;urban;suburban;riparian;estuarine,LC
cavia porcellus,Guinea Pig;Guinea Forest Hog,cavia,caviidae,neotropical,savanna/grassland,NE
cebuella pygmaea,Pygmy Marmoset,cebuella,callitrichidae,neotropical,rainforest,LC
cebus albifrons,White-Fronted Capuchin,cebus,cebidae,neotropical,forest;rainforest,LC
cebus capunicus,Capuchin Monkey;White-Headed Capuchin,cebus,cebidae,neotropical,forest;rainforest;riparian,LC
celestus warreni,Giant Haitian Galliwasp,celestus,anguidae,neotropical,forest,CR
centropomus undecimalis,Common Snook,centropomus,centropomidae,atlantic ocean,coastal;estuarine,NE
centropyge bispinosa,Coral Beauty Angelfish;Twospined Angelfish;Dusky Angelfish,centropyge,pomacentridae,indian ocean;pacific ocean,reef,LC
cephalophus silvicultor,Yellow-Backed Duiker,cephalophus,bovidae,ethiopian,forest;rainforest,LC
ceratophrys ornata,Argentine Horned Frog,ceratophrys,ceratophryidae,neotropical,forest;rainforest,NT
ceratopipra erythrocephala,Golden-Headed Manakin,ceratopipra,pipridae,neotropical,forest,LC
ceratotherium simum,White Rhinoceros;Southern White Rhinocerous,ceratotherium,rhinocerotidae,ethiopian,savanna/grassland,NT
cercocebus torquatus,Collared Mangabey;Red-Capped Mangabey,cercocebus,cercopithecidae,ethiopian,forest;rainforest;swamp,VU
cercopithecus ascanius,Red-Tailed Monkey;Black-Cheeked White-Nosed Monkey;Red-Tailed Guenon;Redtail Monkey;Schmidt's Guenon,cercopithecus,cercopithecidae,ethiopian,forest;rainforest,LC
cercopithecus diana,Diana Monkey,cercopithecus,cercopithecidae,ethiopian,forest,VU
cercopithecus mitis,Blue Monkey,cercopithecus,cercopithecidae,ethiopian,forest,LC
cercopithecus neglectus,De Brazza's Monkey,cercopithecus,cercopithecidae,ethiopian,forest;rainforest,LC
cervus elaphus,Elk;Red Deer;Wapiti,cervus,cervidae,nearctic;palearctic,taiga;savanna/grassland;forest;mountains;suburban;riparian,LC
chaetodipterus faber,Atlantic Spadefish,chaetodipterus,ephippidae,atlantic ocean,coastal,NE
chaetodon auriga,Threadfin Butterflyfish,chaetodon,chaetodontidae,australian,reef,NE
chaetodon ephippium,Saddle Butterflyfish,chaetodon,chaetodontidae,australian,reef,NE
chaetodon lunula,Raccoon Butterflyfish;Crescent-Masked Butterflyfish;Halfmoon Butterflyfish,chaetodon,chaetodontidae,indian ocean;pacific ocean;atlantic ocean,reef,NE
chaetophractus vellerosus,Screaming Hairy Armadillo,chaetophractus,chlamyphoridae,neotropical,savanna/grassland;desert/dune;scrub forest,LC
chamaeleolis barbatus,Cuban False Chameleon Anole,chamaeleolis,polychrotidae,neotropical,forest,NE
charina bottae,Rubber Boa,charina,boidae,nearctic,savanna/grassland;forest,LC
chauna torquata,Crested Screamer,chauna,anhimidae,neotropical,savanna/grassland,LC
cheilinus undulatus,Humphead Wrasse,cheilinus,labridae,indian ocean;pacific ocean,reef,EN
chelmon rostratus,Copperband Butterflyfish;Beaked Butterflyfish;Beaked Coralfish;Orange Stripe Butterfly,chelmon,chaetodontidae,pacific ocean,reef,LC
chelodina longicollis,Eastern Long-Necked Turtle,chelodina,chelidae,australian,lakes;rivers,LC
chelonoidis carbonaria,Red-Footed Tortoise,chelonoidis,testudinidae,neotropical,savanna/grassland;forest;rainforest;marsh;swamp,VU
chelonoidis nigra,Galapagos Tortoise,chelonoidis,testudinidae,palearctic,savanna/grassland,VU
chelus fimbriata,Matamata,chelus,chelidae,neotropical,swamp,LC
chelydra serpentina,Common Snapping Turtle,chelydra,chelydridae,nearctic,estuarine,LC
chenonetta jubata,Australian Wood Duck;Maned Duck;Maned Goose,chenonetta,anatidae,australian,savanna/grassland;suburban,LC
chincilla chinchilla,Short-Tailed Chinchilla,chinchilla,chinchillidae,neotropical,coastal;mountains,EN
chincilla lanigera,Long-Tailed Chinchilla;Common Chinchilla;Lesser Chinchilla,chinchilla,chinchillidae,neotropical,coastal;mountains,EN
choeropsis liberiensis,Pygmy Hippopotamus,choeropsis,hippopotamidae,ethiopian,rainforest;swamp;river,EN
choloepus didactylus,Linnaeus's Two-Toed Sloth,choloepus,megalonychidae,ethiopian,tropical,LC
choloepus hoffmanni,Hoffmann's Two-Toed Sloth,choloepus,megalonychidae,neotropical,rainforest;forest,LC
chromis viridis,Green Chromis,chromis,pomacentridae,indian ocean;pacific ocean,reef;coastal,NE
chrysocyon brachyurus,Maned Wolf,chrysocyon,canidae,neotropical,rainforest,NT
chrysolophus amherstiae,Lady Amherst's Pheasant,chrysolophus,phasianidae,oriental,mountain,LC
chrysolophus pictus,Golden Pheasant,chrysolophus,phasianidae,oriental,scrub forest;forest,LC
ciconia abdimii,Abdim's Stork,ciconia,ciconiidae,ethiopian,forest,LC
ciconia ciconia,White Stork,ciconia,ciconiidae,palearctic;oriental;ethiopian,marsh;savanna/grassland;urban;suburban;riparian,LC
ciconia nigra,Black Stork,ciconia,ciconiidae,palearctic;ethiopian,forest;scrub forest;mountains;rivers;marsh;swamp;riparian,LC
cinnyricinclus leucogaster,Violet backed starling,cinnyricinclus ,sturnidae,ethiopian,forest,LC
cissa chinensis,Hunting Cissa;Common Green Magpie,cissa,corvidae,oriental,forest,LC
claravis pretiosa,Blue Ground Dove,claravis,columbidae,neotropical,forest;rainforest,LC
clemmys guttata,Spotted Turtle,clemmys,emydidae,nearctic,swamp;marsh,EN
cleptornis marchei,Golden White-Eye,cleptornis,zosteropidae,island endemic,forest,CR
cochlearius cochlearius,Boat-Billed Heron;Boatbill,cochlearius,ardeidae,neotropical,swamp;marsh;rainforest,LC
coendou prehensilis,Prehensile-Tailed Porcupine,coendou,erethizontidae,neotropical,forest;rainforest,NE
coereba flaveola,Bananaquit,coereba,thraupidae,neotropical,forest,LC
colinus virginianus,Northern Bobwhite;Virginia Quail,colinus,odontophoridae,nearctic,savanna/grassland,NT
colius striatus,Speckled Mousebird,colius,coliidae,ethiopian,savanna/grassland,LC
colobus angolensis,Angolan Colobus,colobus,cercopithecidae,ethiopian,rainforest,LC
colobus guereza,Colobus Monkey;Black-and-White Colobus,colobus,cercopithecidae,ethiopian,forest;rainforest;scrub forest;riparian,LC
columba guinea,Speckled Pigeon;African Rock Pigeon,columba,columbidae,ethiopian,savanna/grassland;scrub forest,LC
connochaetes taurinus,Blue Wildebeest;Common Wildebeest;White-Bearded Wildebeest;Brindled Gnu,connochaetes,bovidae,ethiopian,savanna/grassland,LC
copsychus malabaricus,White-Rumped Shama,copsychus,muscicapidae,oriental,forest,LC
coracias cyanogaster,Blue-Bellied Roller,coracias,coraciidae,ethiopian,savanna/grassland;forest;scrub forest,LC
coracias spatulatus,Racket-Tailed Roller,coracias,coraciidae,ethiopian,forest,LC
coracopsis vasa,Greater Vasa Parrot,coracopsis,psittaculidae,ethiopian,forest,LC
coragyps atratus,Black Vulture,coragyps,cathartidae,neotropical,savanna/grassland,LC
corallus annulatus,Annulated Boa,corallus,boidae,neotropical,forest;rainforest,NE
corallus caninus,Emerald Tree Boa,corallus,boidae,neotropical,forest;rainforest,NE
corallus hortulanus,Amazon Tree Boa,corallus,boidae,neotropical,rainforest,NE
corucia zebrata,Solomon Islands Skink;Prehensile Tailed Skink,corucia,scincidae,australian,forest,NE
corvus corax,Common Raven,corvus,corvidae,nearctic;palearctic,mountains;tundra,LC
corythaeola cristata,Great Blue Turaco,corythaeola,musophagidae,ethiopian,forest,LC
corythaixoides leucogaster,White-Bellied Go-Away Bird,corythaixoides,musophagidae,ethiopian,forest,LC
coscoroba coscoroba,Coscoroba Swan,coscoroba,anatidae,neotropical,swamp,LC
cossypha albicapilla,White-Crowned Robin-Chat,cossypha,muscicapidae,ethiopian,forest,LC
cossypha niveicapilla,Snowy-headed robin chat,cossypha,muscicapidae,ethiopian,savanna/grassland,LC
coua cristata,Crested Coua,coua,cuculidae,madagascan,forest,LC
cracticus tibicen,Australian Magpie,cracticus,artamidae,australian,savanna/grassland;urban,LC
crax alberti,Blue-Billed Curassow,crax,cracidae,neotropical,forest,CR
crocodylus intermedius,Orinoco Crocodile,crocodylus,crocodylidae,neotropical,rivers,CR
crocodylus mindorensis,Philippine Crocodile,crocodylus,crocodylidae,oriental,brackish water;rivers,CR
crocodylus niloticus,Nile Crocodile,crocodylus,crocodylidae,ethiopian,rivers;lakes,LC
crocodylus porosus,Saltwater Crocodile,crocodylus,crocodylidae,australian;oriental,estuarine;swamp;marsh;brackish water,LC
crocodylus rhombifer,Cuban Crocodile,crocodylus,crocodylidae,neotropical,marsh;rivers,CR
crocodylus siamensis,Siamese Crocodile,crocodylus,crocodylidae,oriental,river;swamp,CR
crocuta crocuta,Spotted Hyena,crocuta,hyaenidae,ethiopian,desert/dune;savanna/grassland;forest;scrub forest;mountains;riparian,LC
crossoptilon crossoptilon,White-Eared Pheasant,crossoptilon,phasianidae,oriental,mountains;forest;scrub forest,NT
crotalus adamanteus,Eastern Diamondback Rattlesnake,crotalus,viperidae,nearctic,forest,LC
crotalus atrox,Western Diamondback Rattlesnake,crotalus,viperidae,nearctic,desert/dune;savanna/grassland;chaparral,LC
crotalus cerastes,Sidewinder,crotalus,viperidae,nearctic,desert/dune,LC
crotalus durissus unicolor,Aruba Island Rattlesnake,crotalus,viperidae,neotropical,forest,CR
crotalus horridus,Timber Rattlesnake;Canebrake Rattlesnake,crotalus,viperidae,nearctic,savanna/grassland,LC
crotalus lepidus,Banded Rock Rattlesnake,crotalus,viperidae,nearctic,savanna/grassland;scrub foreset,LC
crotalus polystictus,Mexican Lance-Headed Rattlesnake,crotalus,viperidae,nearctic,savanna/grassland;forest,LC
crotalus scutulatus,Mojave Rattlesnake,crotalus,viperidae,nearctic,desert,LC
crotalus willardi,Chihuahuan Ridgenose Rattlesnake,crotalus,viperidae,neotropical,mountains,LC
crotaphytus collaris,Eastern Collared Lizard;Common Collared Lizard;Oklama Collared Lizard,crotaphytus,crotaphytinae,nearctic,scrub forest,LC
cryptobranchus alleganiensis,Eastern Hellbender;Hellbender Salamander,cryptobranchus,cryptobranchidae,nearctic,lakes,NT
cryptomys damarensis,Damara Mole Rat,cryptomys,bathyergidae,ethiopian,savanna/grassland;scrub forest,LC
cryptoprocta ferox,Fossa,cryptoprocta,eupleridae,madagascan,savanna/grassland;forest;rainforest;scrub forest,VU
cuora mccordi,McCord's Box Turtle,cuora,geoemydidae,oriental,lakes,CR
cuora pani,Pan's Box Turtle,cuora,geoemydidae,oriental,marsh,CR
cuora trifasciata,Chinese Three-Striped Box Turtle;Golden Coin Turtle,cuora,geoemydidae,oriental,riparian;rivers;forest,CR
cyanocompsa cyanoides,Blue & Black Grosbeak,cyanocompsa,cardinalidae,neotropical,forest,LC
cyanocorax chrysops,Plush-Crested Jay,cyanocorax,corvidae,neotropical,forest,LC
cyanocorax yncas,Green Jay,cyanocorax,corvidae,neotropical;nearctic,forest,LC
cyanopica cyanus,Azure-Winged Magpie,cyanopica,corvidae,nearctic,forest,LC
cyclura collei,Jamaican Iguana,cyclura,iguanidae,nearctic,forest,CR
cyclura comuta,Rhinoceros Iguana,cyclura,iguanidae,neotropical,desert/dune;forest;scrub forest,VU
cyclura cornuta,Rhinoceros Iguana,cyclura,iguanidae,nearctic,forest,VU
cyclura lewisi,Blue Iguana;Grand Cayman Blue Iguana;Cayman Island Blue Iguana,cyclura,iguanidae,neotropical;island endemic,scrub forest,EN
cyclura pinguis,Anegada Ground Iguana;Stout Iguana,cyclura,iguanidae,neotropical;island endemic,,CR
cygnus atratus,Black Swan,cygnus,anatidae,nearctic;australian;palearctic,lakes;rivers;coastal;brackish water;swamp;riparian;estuarine,LC
cygnus buccinator,Trumpeter Swan,cygnus,anatidae,nearctic,lakes,LC
cygnus melancoryphus,Black Neck Swan,cygnus,anatidae,neotropical,lake;marsh,LC
cygnus melanocorypha,Black-Necked Swan,cygnus,anatidae,neotropical,lakes;coastal;brackish water;marsh;estuarine,LC
cygnus olo,Mute swan,cygnus,anatidae,nearctic;palearctic,lake,LC
cynomys ludovicianus,Black-Tailed Prairie Dog,cynomys,sciuridae,nearctic,savanna/grassland,LC
cynops orientalis,Oriental Fired-Bellied Newt,cynops,salamandridae,palearctic,forest;lakes,LC
cyprinus carpio haematopterus,Koi,cyprinus,cyprinidae,oriental,lakes,NE
dacelo gaudichaud,Rufous-Bellied Kookaburra,dacelo,alcedinidae,australian,rainforest,LC
dacelo novaeguineae,Laughing Kookaburra,dacelo,alcedinidae,australian,forest,LC
dacelo tyro,Kookaburra (Giant Kingfisher),dacelo,alcedinidae,ethiopian,savanna/grassland,LC
dama dama,Fallow Deer,dama,cervidae,palearctic;ethiopian,savanna/grassland;chaparral;forest;scrub forest;mountains;suburban,LC
damaliscus pygargus,Bontebok,damaliscus,bovidae,ethiopian,savanna/grassland,LC
danaus plexippus,Monarch Butterfly;Milkweed;Common Tiger;Wanderer;Black Veined Brown,danaus,nymphalidae,nearctic;neotropical;australian,forest,NE
dascyllus aruanus,Three Stripe Damselfish,dascyllus,pomacentridae,indian ocean;pacific ocean,reef,NE
dascyllus trimaculatus,Domino Damsel;Threespot Dascyllus,dascyllus,pomacentridae,indian ocean;pacific ocean,reef,NE
dasyatis americana,Southern Stingray,dasyatis,dasyatidae,atlantic ocean,benthic;reef;coastal,NE
dasyatis sabina,Atlantic Stingray,dasyatis,dasyatidae,atlantic ocean,coastal,LC
dasyprocta leporina,Red-Rumped Agouti,dasyprocta,dasyproctidae,neotropical,savanna/grassland,LC
dasypus novemcinctus,Nine-Banded Armadillo,dasypus,dasypodidae,nearctic;neotropical,savanna/grassland;forest;rainforest;scrub forest;suburban;riparian,LC
daubentonia madagascariensis,Aye-Aye,daubentonia,daubentoniidae,madagascan,rainforest,EN
deirochelys reticularia,Chicken Turtle,deirochelys,emydidae,nearctic,lakes;rivers,LC
dendroaspis angusticeps,East African Green Mamba,dendroaspis,elapidae,ethiopian,coastal,NE
dendroaspis jamesoni,Jameson's Mamba,dendroaspis,elapidae,ethiopian,forest;rain forest,NE
dendroaspis polylepis,Black Mamba,dendroaspis,elapidae,ethiopian,savanna/grassland;forest,LC
dendroaspis viridis,West African Green Mamba,dendroaspis,elapidae,ethiopian,forest;rainforest,LC
dendrobates auratus,Green & Black Dart Frog,dendrobates,dendrobatidae,neotropical,forest,LC
dendrobates leucomelas,Bumble Bee Dart Frog,dendrobates,dendrobatidae,neotropical,rainforest,LC
dendrobates tinctorius,Dyeing Poison Dart Frog;Tinc,dendrobates,dendrobatidae,neotropical,rainforest,LC
dendrocygna autumnalis,Black Bellied Whistling Duck,dendrocygna,anatidae,neotropical,lake;marsh,LC
dendrocygna bicolor,Fulvous Whistling Duck,dendrocygna,anatidae,ethiopian;palearctic,marsh,LC
dendrocygna javanica,Lesser Whistling Duck;Indian Whistling Duck;Lesser Whistling Teal,dendrocygna,anatidae,oriental,swamp;marsh;coastal,LC
dendrocygna viduata,White Faced Whistling Duck,dendrocygna,anatidae,neotropical;ethiopian,marsh,LC
dendrolagus bennettianus,Bennett's Tree-Kangaroo,dendrolagus,macropodidae,australian,rainforest,NT
dendrolagus inustus,Grizzled Tree-Kangaroo,dendrolagus,macropodidae,australian,rainforest,VU
dendrolagus lumholtzi,Lumholtz's Tree-Kangaroo,dendrolagus,macropodidae,australian,rainforest,LC
dendrolagus matschiei,Matschie's Tree-Kangaroo,dendrolagus,macropodidae,australian,rainforest,EN
dendrolagus ursinus,Tree Kangaroo,dendrolagus,macropodidae,palearctic,rainforest,VU
dendropsophus ebraccatus,Hourglass Treefrog,dendropsophus,hylidae,neotropical,rainforest,LC
desmodus rotundus,Vampire Bat,desmodus,phyllostomidae,neotropical,cave,LC
diceros bicornis,Black Rhinoceros;Hook-Lipped Rhinoceros,diceros,rhinocerotidae,ethiopian,scrub forest;savanna/grasslands;desert/dune,CR
didelphis virginiana,Virginia Opossum;Possum,didelphis,didelphidae,nearctic,suburban,LC
dinemellia dinemelli,White-Headed Buffalo Weaver,dinemellia,ploceidae,ethiopian,forest,LC
dolichotis patagonum,Patagonian Cavy,dolichotis,caviidae,neotropical,forest,NT
dracaena guianensis,Northern Caiman Lizard,dracaena,teiidae,neotropical,rainforest,NE
dromaius novaehollandiae,Emu,dromaius,dromaiidae,australian,savanna/grasslands;forest,LC
dryas iulia,Julia Butterfly;Julia Heliconian;The Flame;Flambeau,dryas,nymphalidae,nearctic;neotropical,savanna/grassland,NE
drymarchon couperi,Eastern Indigo Snake,drymarchon,colubridae,nearctic,riparian;forest,LC
dryocopus pileatus,Pileated Woodpecker,dryocopus,picidae,nearctic,forest,LC
ducula bicolor,Pied Imperial Pigeon,ducula,columbidae,oriental,forest;scrub forest,LC
dyscophus guineti,False Tomato Frog;Sambava Tomato Frog,dyscophus,microhylidae,madagascan,rainforest;marsh;forest;swamp,NE
echinotriton andersoni,Alligator Newt,echinotriton,salamandridae,palearctic,forest;savanna/grassland;swamp,EN
eclectus roratus,Eclectus Parrot,eclectus,psittaculidae,australian,forest,LC
egretta thula,Snowy Egret,egretta,ardeidae,nearctic;neotropical,lake;march,LC
eidolon helvum,Straw-Colored Fruit Bat,eidolon,pteropodidae,ethiopian,savanna/grassland;forest;rainforest;urban;suburban,NT
eira barbara,Tayra,eira,mustelidae,neotropical,rainforest,LC
elaphe flavirufa,Central American Rat Snake,elaphe,colubridae,neotropical,savanna/grassland,LC
elaphe obsoleta lindheimeri,Texas Rat Snake,elaphe,colubridae,nearctic,swamps;river;savanna/grassland,LC
elephas maximus,Asian Elephant,elephas,elephantidae,oriental,savanna/grassland;forest;rainforest;scrub forest,EN
eleutherodactylus antillensis,Red Eyed Coqui Frog,eleutherodactylus,eleutherodactylidae,nearctic,forest;urban,LC
eleutherodactylus coqui,Coqui Frog,eleutherodactylus,leptodactylidae,neotropical,forest,LC
emys blandingii,Blanding's Turtle,emys,emydidae,nearctic,rivers;lakes,EN
enhydra lutris,Sea Otter,enhydra,mustelidae,pacific ocean,reef,EN
entomyzon cyanotis,Blue-Faced Honeyeater;Bananabird,entomyzon,meliphagidae,australian,rainforest;forest;urban,LC
eolophus roseicapilla,Galah;Rose-Breasted Cockatoo,eolophus,cacatuidae,australian,savanna/grassland;urban,LC
eos bornea,Red lory,eos,psittaculidae,palearctic,forest,LC
ephippiorhynchus senegalensis,Saddle-Billed Stork,ephippiorhynchus,ciconiidae,ethiopian,savanna/grassland;marsh,LC
epicrates cenchria,Rainbow Boa,epicrates,boidae,nearctic,forest,NE
epipedobates tricolor,Phantasmal Poison Frog;Phantasmal Poison-Arrow Frog,epipedobates,dendrobatidae,neotropical,rainforest;riparian,EN
equus africanus asinus,Donkey;Ass,equus,equidae,ethiopian,desert/dune,NE
equus caballus,Horse,equus,equidae,cosmopolitan,tundra;savanna/grassland;forest;riparian,NE
equus ferus caballus,American Miniature Horse,equus,equidae,palearctic,shrub forest;savanna/grassland,NE
equus ferus przewalskii,Przewalski's Horse,equus,equidae,ethiopian,shrub forest;savanna/grassland,EN
equus grevyi,Grevy's Zebra,equus,equidae,ethiopian,savanna/grassland,EN
equus quagga,Plains Zebra;Common Zebra;Burchell's Zebra;Quagga,equus,equidae,ethiopian,savanna/grassland,NE
equus quagga boehmi,Grant's Zebra,equus,equidae,ethiopian,savanna/grassland,LC
equus zebra hartmannae,Hartmann's Mountains Zebra,equus,equidae,ethiopian,desert/dune;mountains,VU
erethizon dorsatum,North American Porcupine,erethizon,erethizontidae,nearctic,tundra;forest,LC
erpeton tentaculatum,Tentacled Snake,erpeton,colubridae,oriental,rivers;lakes,LC
erythrocebus patas,Patas Monkey;Wadi Monkey;Hussar Monkey,erythrocebus,cercopithecidae,ethiopian,savanna/grassland,LC
erythrura gouldiae,Gouldian Finch;Lady Gouldian Finch;Gould's Finch;Rainbow Finch,erythrura,estrildidae,australian,savanna/grassland;forest,NT
estrilda melpoda,Orange-Cheeked Waxbill,estrilda,estrildidae,ethiopian,savanna/grassland;forest,LC
eublepharis macularius,Leopard Gecko,eublepharis,eublepharidae,oriental,forest,NE
eucrossorhinus dasypogon,Tasselled Wobbegong Shark,eucrossorhinus,orectolobidae,australian,reef;coastal,NT
eudocimus albus,American White Ibis,eudocimus,threskiornithidae,neotropical,coastal,LC
eudocimus ruber,Scarlet Ibis,eudocimus,threskiornithidae,neotropical,coastal,LC
eudorcas thomsonii,Thomson's Gazelle,eudorcas,bovidae,ethiopian,savanna/grassland,NT
eudromia elegans,Elegant crested tinamou,eudromia,tinamidae,neotropical,chaparral,LC
eudyptes chrysocome,Rockhopper Penguin,eudyptes,spheniscidae,neotropical,savanna/grassland;coastal,VU
eudyptula minor,Little Penguin,eudyptula,spheniscidae,australian,coastal,LC
eulemur collaris,Collared Brown Lemur,eulemur,lemuridae,madagascan,forest,EN
eulemur coronatus,Crowned Lemur,eulemur,lemuridae,madagascan,forest;rainforest,VU
eulemur macaco,Black Lemur;Blue-Eyed Black Lemur,eulemur,lemuridae,madagascan,forest;rainforest,VU
eulemur mongoz,Mongoose Lemur,eulemur,lemuridae,madagascan,forest;rainforest,CR
eulemur rufus,Red-Fronted Lemur,eulemur,lemuridae,madagascan,forest;rainforest,NT
eunectes murinus,Green Anaconda;Common Anaconda;Water Boa,eunectes,boidae,neotropical,forest;rainforest,NE
euprepiophis mandarinus,Mandarin Rat Snake,euprepiophis,colubridae,oriental,forest,LC
eurycantha calcarata,Thorny Devil Stick Insect;Giant Spiny Stick Insect,eurycantha,phasmatidae,oriental,forest;rainforest;savanna/grassland,NE
eurypyga helias,Sunbittern,eurypyga,eurypygidae,neotropical,forest;riparian,LC
extatosoma tiaratum,Australian Walking Stick,extatosoma,pseudophasmatidae,australian,rainforest;forest,NE
falco peregrinus,Peregrine Falcon,falco,falconidae,nearctic,urban,LC
falco sparverius,American Kestrel,falco,falconidae,nearctic,forest,LC
felis margarita,Sand Cat,felis,felidae,ethiopian,savanna/grassland,LC
felis nigripes,Black-Footed Cat,felis,felidae,ethiopian,savanna/grassland,VU
flathead minnow,Flathead Minnow,pimephales,cyprinidae,nearctic,river;lake,LC
fratercula cirrhata,Tufted Puffin,fratercula,alcidae,pacific ocean,coastal,LC
fratercula corniculata,Horned Puffin,fratercula,alcidae,holarctic,polar ice,LC
fukomys amatus,Giant Zambian Mole Rat,fukomys,bathyergidae,ethiopian,savanna/grassland;scrub forest,NE
furcifer pardalis,Panther Chameleon,furcifer,chamaeleonidae,madagascan,rainforest,LC
galago moholi,Mohol Bushbaby,galago,galagidae,ethiopian,forest,LC
galidia elegans,Ring-tailed Mongoose,galidia,eupleridae,ethiopian,forest,LC
gallicolumba luzonica,Luzon Bleeding-Heart;Bleeding-Heart Pigeon,gallicolumba,columbidae,oriental,forest,NT
gallirallus owstoni,Guam Rail,gallirallus,rallidae,nearctic,savanna/grassland,EW
gallirallus philippensis,Buff banded rail,gallirallus,rallidae,australian,marsh,LC
gallus gallus domesticus,Chicken,gallus,phasianidae,cosmopolitan,savanna/grassland,NE
garrulax courtoisi,Blue-Crowned Laughingthrush,garrulax,leiothrichidae,oriental,forest,CR
garrulax leucolophus,White-Crested Laughing Thrush,garrulax,leiothrichidae,oriental,forest,LC
gavialis gangeticus,Gharial Crocodile,gavialis,gavialidae,oriental,rivers,CR
gazella spekei,Speke's Gazelle,gazella,bovidae,ethiopian,scrub forest;desert/dune;chaparral,EN
gazella subgutturosa,Goitered Gazelle,gazella,bovidae,palearctic,savanna/grassland,VU
geochelone elegans,Indian Star Tortoise,geochelone,testudinidae,oriental,scrub forest;desert/dune;riparian;savanna/grassland,LC
geochelone pardalis,Leopard Tortoise,geochelone,testudinidae,ethiopian,desert/dune;savanna/grassland;scrub forest,NE
geochelone sulcata,African Spurred Tortoise,geochelone,testudinidae,ethiopian,desert/dune;savanna/grassland,VU
geococcyx californianus,Greater Roadrunner,geococcyx,cuculidae,nearctic,scrub forest;desert/dune;chaparral,LC
geomyda spengleri,Black-Breasted Leaf Turtle;Vietnamese Leaf Turtle,geomyda,geoemydidae,oriental,forest;riparian,EN
geopelia cuneata,Diamond Dove,geopelia,columbidae,australian,forest,LC
geronticus eremita,Northern Bald Ibis;Hermit Ibis;Waldrapp,geronticus,threskiornithidae,palearctic,scrub forest,CR
gerrhosaurus major,Sudan Plated Lizard,gerrhosaurus,gerrhosauridae,ethiopian,desert/dune,NE
ginglymostoma cirratum,Nurse Shark,ginglymostoma,ginglymostomatidae,atlantic ocean,ocean,NE
giraffa camelopardalis,Northern Giraffe,giraffa,giraffidae,ethiopian,savanna/grassland;scrub forest,LC
giraffa reticulata,Reticulated Giraffe;Somali Giraffe,giraffa,giraffidae,ethiopian,savanna/grassland;scrub forest,VU
giraffa rothschildi,Rothschild Giraffe,giraffa,giraffidae,ethiopian,savanna/grassland;scrub foreset,EN
giraffa tippelskirchi,Masai Giraffe,giraffa,giraffidae,ethiopian,savanna/grassland;scrub forest,NE
glossopsitta concinna,Musk Lorikeet,glossopsitta,psittaculidae,australian,forest,LC
glyptemys insculpta,Wood Turtle,glyptemys,emydidae,nearctic,lakes;rivers,EN
glyptemys muhlenbergii,Bog Turtle,glyptemys,emydidae,nearctic,marshes;swamps,CR
gongylophis colubrinus,Kenyan Sand Boa,gongylophis,boidae,ethiopian,desert/dune;scrub forest,NE
gonyosoma oxycephalum,Red-Tailed Green Rat Snake,gonyosoma,colubridae,oriental,rainforest;forest,LC
gopherus agassizii,Desert Tortoise,gopherus,testudinidae,nearctic,desert,VU
gopherus berlandieri,Texas Tortoise,gopherus,testudinidae,nearctic,scrub forest;savanna/grasslands;desert/dune,LC
gopherus polyphemus,Gopher Tortoise,gopherus,testudinidae,nearctic,forest,VU
gorilla gorilla,Western Gorilla,gorilla,hominidae,ethiopian,forest,CR
goura victoria,Victoria Crowned Pigeon,goura,columbidae,australian,tropical,NT
graptemys versa,Texas Map Turtle,graptemys,emydidae,nearctic,river;lakes,LC
gromphadorhina portentosa,Madagascar Hissing Cockroach,gromphadorhina,blaberidae,madagascan,rainforest,LC
grus americana,Whooping Crane,grus,gruidae,nearctic,taiga,EN
grus antigone,Sarus Crane,grus,gruidae,oriental;australian,savanna/grassland;marsh,VU
grus canadensis,Sandhill Crane,grus,gruidae,nearctic,forest,LC
grus japonensis,Red-Crowned Crane,grus,gruidae,palearctic;oriental,marsh,EN
grus leucogeranus,Siberian Crane;Siberian White Crane;Snow Crane,grus,gruidae,palearctic;oriental,tundra;taiga;savanna/grassland;marsh;swamp;bog,CR
grus monacha,Hooded Crane,grus,gruidae,oriental,savanna/grassland;lake,VU
grus paradisea,Blue Crane;Stanley Crane,grus,gruidae,ethiopian,savanna/grassland,VU
grus vipio,White-Naped Crane,grus,gruidae,oriental;palearctic,lakes;marsh;swamp;riparian,VU
grus virgo,Demoiselle Crane,grus,gruidae,palearctic,rivers;marsh;swamp,LC
guaruba guarouba,Golden Conure;Golden Parakeet,guaruba,psittacidae,neotropical,forest;rainforest,VU
guira guira,Guira Cuckoo,guira,cuculidae,neotropical,forest,LC
gulo gulo,Wolverine;Glutton;Carcajou;Skunk Bear;Quickhatch,gulo,mustelidae,nearctic;palearctic;holarctic,tundra;taiga;forest;mountinas,LC
guttera pucherani,Kenya Crested Guineafowl,guttera,numididae,ethiopian,forest;scrub forest;savanna/grassland,LC
gymnomuraena zebra,Zebra Moray Eel,gymnomuraena,muraenidae,indian ocean;pacific ocean,reef;coastal,NE
gyps africanus,African white-backed vulture,gyps,accipitridae,ethiopian,savanna/grassland,CR
gyps rueppellii,Ruppell's Griffon Vulture,gyps,accipitridae,ethiopian,savanna/grassland;desert/dune,CR
haematopus palliatus,American Oystercatcher,haematopus,haematopodidae,nearctic,coastal,LC
halcyon malimbica,Blue-Breasted Kingfisher,halcyon,alcedinidae,ethiopian,forest,LC
haliaeetus leucocephalus,Bald Eagle,haliaeetus,accipitridae,nearctic,forest,LC
haliaeetus vocifer,African Fish Eagle,haliaeetus,accipitridae,ethiopian,forest,LC
halichoerus grypus,Grey Seal,halichoerus,phocidae,palearctic,coastal,LC
harpia harpyja,Harpy Eagle;American Harpy Eagle,harpia,accipitridae,neotropical,rainforest,NT
helarctos malayanus,Sun Bear,helarctos,ursidae,oriental,rainforest,VU
heliconius charithonia,Zebra Longwing Butterfly;Zebra Heliconian,heliconius,nymphalidae,neotropical,forest,NE
heloderma horridum,Beaded Lizard,heloderma,helodermatidae,nearctic,savanna/grassland;desert/dune,LC
heloderma suspectum,Gila Monster,heloderma,helodermatidae,nearctic,savanna/grassland;desert/dune,NT
helogale parvula,Dwarf Mongoose,helogale,herpestidae,ethiopian,savanna/grassland,LC
heniochus acuminatus,Pennant Butterflyfish,heniochus,chaetodontidae,indian ocean;pacific ocean,reef,NE
herichthys cyanoguttatus,Rio Grande Cichlid,herichthys,cichlasomatinae,nearctic,river;lake,LC
heterocephalus glaber,Naked Mole Rat,heterocephalus,bathyergidae,ethiopian,savanna/grassland,LC
heterodon nasicus,Western Hognose Snake,heterodon,colubridae,nearctic,savanna/grassland;scrub foreset,LC
heterodon simus,Southern Hog-Nosed Snake,heterodon,colubridae,nearctic,savanna/grassland;scrub foreset,VU
himantopus mexicanus,Black-Necked Stilt,himantopus,recurvirostridae,nearctic;neotropical,marsh;swamp;coastal;estuarine,LC
hippopotamus amphibius,Hippopotamus,hippopotamus,hippopotamidae,ethiopian,lakes;rivers;swamp,VU
hippotragus equinus,Roan Antelope,hippotragus,bovidae,ethiopian,savanna/grassland,LC
hippotragus niger,Sable Antelope,hippotragus,bovidae,ethiopian,savanna/grassland,LC
hologymnosus rhodonotus,Redback Longface Wrasse,hologymnosus,labridae,indian ocean;pacific ocean,reef,LC
hoplobatrachus occipitalis,African Groove-Crowned Bullfrog,hoplobatrachus,dicroglossidae,ethiopian,savanna/grassland,LC
hyaena hyaena,Striped Hyena,hyaena,hyaenidae,palearctic,savanna/grassland,NT
hydrictis maculicollis,Spotted-Necked Otter,hydrictis,mustelidae,ethiopian,lakes;rivers,LC
hydrochoerus hydrochaeris,Capybara,hydrochoerus,caviidae,neotropical,tropical,LC
hyla cinerea,Green Tree Frog,hyla,hylidae,nearctic,lakes;marshes,LC
hyla gratiosa,Barking Tree Frog,hyla,hylidae,nearctic,coastal,LC
hyla squirella,Squirrel Tree Frog,hyla,hylidae,nearctic,lakes;marshes,LC
hyla versicolor,Gray Treefrog,hyla,hylidae,nearctic,forest,LC
hylobates agilis,Agile Gibbon,hylobates,hylobatidae,oriental,rainforest,EN
hylobates lar,Lar Gibbon;White-Handed Gibbon,hylobates,hylobatidae,oriental,rainforest,EN
hylobates moloch,Javan Gibbon;Silvery Gibbon,hylobates,hylobatidae,oriental,rainforest,EN
hylobates pileatus,Pileated Gibbon,hylobates,hylobatidae,oriental,rainforest;forest,EN
hylomantis lemur,Lemur Tree Frog,hylomantis,hylidae,neotropical,rainforest,CR
hypergerus atriceps,Oriole Warbler,hypergerus,cisticolidae,ethiopian,forest,LC
hypogeomys antimena,Malagasy Giant Rat;Madagascar Giant Jumping Rat,hypogeomys,nesomyidae,madagascan,forest,EN
hystrix cristata,African Crested Porcupine,hystrix,hystricidae,ethiopian,tropical,LC
hystrix indica,Indian Crested Porcupine,hystrix,hystricidae,oriental,savanna/grassland;forest,LC
icterus icterus,Venezuelan Troupial,icterus,icteridae,neotropical,forest;scrub forest;savanna/grassland,LC
ictinia mississippiensis,Mississippi Kite,ictinia,accipitridae,neotropical;nearctic,forest;savanna/grassland,LC
iguana iguana,Green Iguana,iguana,iguanidae,neotropical,forest;rainforest,NE
incilius alvarius,Colorado River Toad,incilius,bufonidae,nearctic,river,LC
incilius valliceps,Gulf Coast Toad,incilius,bufonidae,neotropical,savanna/grassland;suburb,LC
irena puella,Asian Fairy-Bluebird,irena,irenidae,oriental,rainforest,LC
jaculus jaculus,Lesser Egyptian Jerboa,jaculus,dipodidae,ethiopian,savanna/grassland,LC
junonia coenia,Common Buckeye,junonia,nymphalidae,nearctic,desert/dune;chaparral;scrub forest;urban;suburban,NE
kinixys belliana,Bell's Hinge-Back Tortoise,kinixys,testudinidae,ethiopian,savanna/grassland,LC
kinixys homeana,Home's Hingeback Tortoise,kinixys,testudinidae,ethiopian,forest;rain forest,VU
kinosternon flavescens,Yellow Mud Turtle,kinosternon,kinosternidae,nearctic,marsh;lake,LC
kobus ellipsiprymnus,Waterbuck Antelope,kobus,bovidae,ethiopian,savanna/grassland,LC
lachesis muta,South American Bushmaster,lachesis,viperidae,neotropical,rainforest,VU
lachesis stenophrys,Central American Bushmaster,lachesis,viperidae,neotropical,rainforest,NE
lagonosticta senegala,Red-Billed Firefinch;Senegal Firefinch,lagonosticta,estrildidae,ethiopian,forest,LC
lama glama,Llama,lama,camelidae,neotropical,savanna/grassland,NE
lama guanicoe,Guanaco,lama,camelidae,neotropical,mountains,LC
lampropeltis getula splendida,Desert King Snake,lampropeltis,colubridae,nearctic,forest,LC
lampropeltis triangulum,Scarlet Kingsnake;Milk Snake,lampropeltis,colubridae,nearctic,savanna/grassland;forest;rivers;suburban;riparian,NE
lampropeltis triangulum gaigeae,Black Milksnake,lampropeltis,colubridae,neotropical,rainforest,NE
lamprotornis iris,Emerald Starling,lamprotornis,sturnidae,ethiopian,savanna/grassland,LC
lamprotornis regius,Golden-Breasted Starling,lamprotornis,sturnidae,ethiopian,savanna/grassland;scrub forest,LC
lamprotornis superbus,Superb Starling,lamprotornis,sturnidae,ethiopian,savanna/grassland;forest,LC
langaha nasuta,Twig Mimic Snake,langaha,lamprophiidae,ethiopian,forest,LC
larosterna inca,Inca Tern,larosterna,sternidae,neotropical,coastal,NT
lasiodora parahybana,Brazilian Salmon Tarantula,lasiodora,theraphosidae,neotropical,forest,NE
leiothrix argentauris,Silver-Eared Mesia,leiothrix,leiothrichidae,oriental,scrub forest;forest,LC
leiothrix lutea,Red billed leiothrix,leiothrix,leiothrichidae,palearctic,forest,LC
lemur catta,Ring-Tailed Lemur,lemur,lemuridae,madagascan,forest;rainforest;scrub forest,NT
leontopithecus chrysomelas,Golden-Headed Lion Tamarin,leontopithecus,callitrichidae,neotropical,rainforest,EN
leontopithecus rosalia,Golden Lion Tamarin,leontopithecus,callitrichidae,neotropical,forest;rainforest;scrub forest,EN
leopardus geoffroyi,Geoffroy's Cat,leopardus,felidae,neotropical,forest;rainforest,LC
leopardus pardalis,Ocelot;Dwarf Leopard,leopardus,felidae,neotropical,forest;rainforest;scrub forest,LC
lepomis macrochirus,Bluegill,lepomis,centrarchidae,nearctic,lakes,LC
leptailurus serval,Serval,leptailurus,felidae,ethiopian,savanna/grassland,LC
leptodactylus pentadactylus,Smoky Jungle Frog,leptodactylus,leptodactylidae,neotropical,forest;rainforest,LC
leptonycteris nivalis,Mexican Long-Nosed Bat,leptonycertis,phyllostomidae,nearctic;neotropical,desert/dune;forest;scrub forest,EN
leptoptilos crumenifer,Marabou Stork,leptoptilos,ciconiidae,ethiopian,scrub forest;urban;swamp,LC
lepus californicus,Black-Tailed Jackrabbit,lepus,leporidae,nearctic,desert/dune;savanna/grassland;chaparral;suburban,LC
leucophaeus pipixcan,Franklin's Gull,leucophaeus,laridae,nearctic;neotropical,river;lake,LC
leucopsar rothschildi,Bali Myna;Bali Mynah,leucopsar,sturnidae,oriental,forest,CR
lichanura trivirgata,Rosy Boa,lichanura,boidae,nearctic,savanna/grassland,LC
lithobates blairi,Plains Leopard Frog,lithobates,ranidae,nearctic,savanna/grassland,LC
lithobates capito,Gopher Frog,lithobates,ranidae,nearctic,forest,NT
lithobates catesbeiana,Bull Frog,lithobates,ranidae,nearctic,lake;swamp,LC
lithobates catesbeianus,American Bullfrog,lithobates,ranidae,nearctic,lakes,LC
litocranius walleri,Gerenuk,litocranius,bovidae,ethiopian,savanna/grassland,NT
litoria caerulea,Australian Green Tree Frog;White's Tree Frog,litoria,hylidae,australian,forest,LC
lontra canadensis,North American River Otter,lontra,mustelidae,nearctic,lakes;rivers;coastal;marsh;swamp;riparian;estuarine,LC
lophochroa leadbeateri,Major Mitchell's Cockatoo,lophochroa,cacatuidae,australian,forest,LC
lophodytes cucullatus,Hooded Merganser,lophodytes,anatidae,nearctic,lakes;riparian,LC
lophotis gindiana,Buff-Crested Bustard,lophotis,otididae,ethiopian,desert/dune;savanna/grassland,LC
lophura diardi,Siamese Fireback Pheasant,lophura,phasianidae,oriental,forest,LC
lophura edwardsi,Edward's Pheasant,lophura,phasianidae,oriental,rainforest,CR
lophura erythrophthalma,Malayan Crestless Fireback Pheasant,lophura,phasianidae,oriental,forest;rainforest,VU
lorius lory,Black-Capped Lory,lorius,psittaculidae,australian,forest,LC
loxocemus bicolor,Mexican Burrowing Python,loxocemus,loxocemidae,neotropical,forest;rainforest,NE
loxodonta africana,African Elephant,loxodonta,elephantidae,ethiopian,savanna/grassland;desert/dune;forest;rainforest;scrub forest;marsh;swamp;agricultural,VU
lutjanus campechanus,Northern Red Snapper,lutjanus,lutjanidae,atlantic ocean,ocean,LC
lybius dubius,Bearded Barbet,lybius,lybiidae,ethiopian,forest,LC
lycaon pictus,African Wild Dog;African Hunting Dog;African Painted Dog,lycaon,canidae,ethiopian,savanna/grassland;chaparral;forest,EN
lynx canadensis,Canada Lynx,lynx,felidae,nearctic,tundra;forest,LC
lynx lynx,Eurasian Lynx,lynx,felidae,palearctic,mountain,LC
lynx rufus,Bobcat,lynx,felidae,nearctic,desert/dune;savanna/grassland;chaparral;forest;mountains,LC
macaca fuscata,Snow Monkey,macaca,cercopithecidae,oriental,forest,LC
macaca silenus,Lion Tailed Macaque,macaca,cercopithecidae,oriental,forest,EN
macrocephalon maleo,Maleo,macrocephalon,megapodiidae,oriental;island endemic,rainforest;riparian,EN
macrochelys temminckii,Alligator Snapping Turtle,macrochelys,chelydridae,nearctic,rivers,VU
macropus agilis,Agile Wallaby,macropus,macropodidae,australian,savanna/grassland,LC
macropus eugenii,Tammar Wallaby,macropus,macropodidae,australian,savanna/grassland,LC
macropus giganteus,Eastern Grey Kangaroo,macropus,macropodidae,australian,savanna/grassland;forest;mountains,LC
macropus parma,Parma Wallaby,macropus,macropodidae,australian,forest;rainforest,NT
macropus rufogriseus,Bennett's Wallaby;Red-Necked Wallaby,macropus,macropodidae,australian,savanna/grassland;chaparral;forest,LC
macropus rufus,Red Kangaroo,macropus,macropodidae,australian,desert/dune;savanna/grassland;scrub forest,LC
madoqua kirkii,Kirk's dik dik,madoqua,bovidae,ethiopian,savanna/grassland,LC
malaclemys terrapin,Diamondback Terrapin,malaclemys,emydidae,nearctic,brackish water;swamp,NT
malacochersus tornieri,Pancake Tortoise,malacochersus,testudinidae,ethiopian,marsh;swamp,VU
mandrillus sphinx,Mandrill,mandrillus,cercopithecidae,ethiopian,forest;rainforest,VU
manouria emys,Asian Forest Tortoise;Asian Brown Tortoise,manouria,testudinidae,oriental,rainforest;forest;lakes,EN
mantella aurantiaca,Golden Mantella,mantella,mantellidae,madagascan,rainforest,CR
marmaronetta angustirostris,Marbled Teal;Marbled Duck,marmaronetta,anatidae,palearctic,swamp,VU
martes pennanti,Fisher,martes,mustelidae,nearctic,forest,LC
mauremys annamensis,Annam Leaf Turtle;Vietnamese Pond Turtle,mauremys,geoemydidae,oriental,rivers;riparian,CR
megascops asio,Eastern Screech Owl,megascops,strigidae,nearctic,forest;swamps,LC
megascops kennicottii,Western Screech Owl,megascops,strigidae,nearctic,forest;desert/dune;suburban,LC
melanerpes uropygialis,Gila Wodpecker,melanerpes,picidae,nearctic,forest,LC
melanophryniscus stelzneri,Bumblebee Walking Toad,melanophryniscus,bufonidae,neotropical,rainforest,LC
melanotaenia boesemani,Boeseman's Rainbowfish,melanotaenia,melanotaeniidae,oriental,reef,EN
meleagris gallopavo,Wild Turkey,meleagris,phasianidae,nearctic,forest;marsh;riparian,LC
melichthys niger,Black Triggerfish;Black Durgon,melichthys,balistidae,indian ocean,reef,NE
mellivora capensis,Honey Badger,mellivora,mustelidae,palearctic;ethiopian,desert/dune;savanna/grassland;forest;rainforest;scrub forest;mountains;riparian,LC
melopsittacus undulatus,Budgerigar,melopsittacus,psittaculidae,australian,forest;scrub forest,LC
melursus ursinus,Sloth Bear,melursus,ursidae,oriental,savanna/grassland;forest,VU
mephitis mephitis,Striped Skunk,mephitis,mephitidae,nearctic,savanna/grassland;suburban,LC
mergus squamatus,Scaly-Sided Merganser;Chinese Merganser,mergus,anatidae,palearctic,rivers,EN
merops albicollis,White-throated Bee Eater,merops,meropidae,ethiopian,forest,LC
micromys minutus,Eurasian Harvest Mouse,micromys,muridae,palearctic,forest,LC
microspathodon chrysurus,Jewel Damselfish,microspathodon,pomacentridae,atlantic ocean,reef,NE
micrurus fulvius,Eastern Coral Snake;Common Coral Snake;American Cobra,micrurus,elapidae,nearctic,marsh;savanna/grassland,LC
mixcoatlus melanurus,Montane Black-Tailed Viper,mixcoatlus,viperidae,neotropical,mountains,EN
momotus coeruliceps,Blue-Capped Motmot;Blue-Crowned Motmot,momotus,momotidae,neotropical,forest,LC
morelia boeleni,Boelen's Python;Black Python,morelia,pythonidae,australian,mountains,NE
morelia spilota,Carpet Python,morelia,pythonidae,australian,rainforest;forest;scrub forest;savanna/grassland,LC
morelia viridis,Green Tree Python,morelia,pythonidae,neotropical,forest;rainforest,LC
mungos mungo,Banded Mongoose,mungos,herpestidae,ethiopian,savanna/grassland;forest;scrub forest,LC
muntiacus reevesi,Reeves's Muntjac;Chinese Muntjac,muntiacus,cervidae,palearctic,savanna/grassland,LC
musophaga rossae,Lady Ross's Turaco,musophaga,musophagidae,ethiopian,forest;riparian,LC
musophaga violacea,Violet Turaco,musophaga,musophagidae,ethiopian,forest;savanna/grassland;riparian,LC
mustela nigripes,Black Footed Ferret,mustela,mustelidae,nearctic,savanna/grassland,EN
mustela putorius furo,Domestic ferret,mustela,mustelidae,palearctic,forest,NE
mustelus canis,Dusky Smooth-Hound;Dog Shark,mustelus,triakidae,atlantic ocean,coastal,NT
mycteria americana,Wood Stork,mycteria,ciconiidae,nearctic,swamp;marsh,LC
mycteria ibis,Yellow-Billed Stork,mycteria,ciconiidae,ethiopian,swamp;marsh,LC
myiopsitta monachus,Monk Parakeet,myiopsitta,psittacidae,neotropical,forest;rainforest,LC
myrmecophaga tridactyla,Giant Anteater;Ant Bear,myrmecophaga,myrmecophagidae,neotropical,rainforest;savanna/grassland,VU
naemorhedus griseus,Chinese Goral,naemorhedus,bovidae,oriental,mountain,VU
naja haje,Moroccan Cobra;Egyptian Cobra,naja,elapidae,ethiopian,savanna/grassland;desert,VU
naja melanoleuca,Forest Cobra;Black Forest Cobra,naja,elapidae,palearctic,forest,NE
naja nigricollis,Black Spitting Cobra,naja,elapidae,ethiopian,savanna/grassland,LC
naja pallida,Red Spitting Cobra,naja,elapidae,ethiopian,savanna/grassland;desert,VU
nanger dama,Dama Gazelle;Mhorr Gazelle;Addra Gazelle,nanger,bovidae,ethiopian,savanna/grassland,CR
nasua narica,White-Nosed Coati,nasua,procyonidae,neotropical,forest,LC
nasua nasua,South American Coati;Brown-Nosed Coati,nasua,procyonidae,neotropical,forest,LC
neochen jubata,Orinoco Goose,neochen,anatidae,neotropical,lakes;marshes;savanna/grassland,NT
neofelis nebulosa,Clouded Leopard,neofelis,felidae,oriental,savanna/grassland,VU
neopsephotus bourkii,Bourke's Parrot,neopsephotus,psittaculidae,australian,forest,LC
nephrurus wheeleri,Banded Knob-Tailed Gecko,nephrurus,carphodactylidae,australian,savanna/grassland,NE
nesoenas mayeri,Pink Pigeon,nesoenas,columbidae,island endemic,forest,EN
nestor notabilis,Kea,nestor,psittacidae,australian,forest;mountains,VU
netta peposaca,Rosybill;Rosy-Billed Pochard;Rosybill Pochard,netta,anatidae,neotropical,lakes,LC
nettapus auritus,African Pygmy Goose,nettapus,anatidae,ethiopian,swamp;marsh,LC
nettapus coromandelianus,Cotton Pygmy Goose;Cotton Teal,nettapus,anatidae,oriental;australian,lakes,LC
neurergus kaiseri,Kaiser's Spotted Newt;Luristan Newt;Emperor Spotted Newt,neurergus,salamandridae,palearctic,desert/dune,CR
nomascus gabriellae,Yellow-Cheeked Gibbon; Buff-Cheeked Gibbon,nomascus,hylobatidae,oriental,forest;rainforest,EN
nomascus leucogenys,White-Cheeked Gibbon,nomascus,hylobatidae,oriental,forest;rainforest,CR
notophthalmus viridescens piaropicola,Peninsula Newt,notophthalmus,salamandridae,nearctic,forest,LC
numida meleagris,Helmeted Guineafowl,numida,numididae,ethiopian,savanna/grassland,LC
nycticebus bengalensis,Bengal Slow Loris,nycticebus,lorisidae,palearctic,rainforest,VU
nycticebus pygmaeus,Pygmy Slow Loris,nycticebus,lorisidae,oriental,forest,VU
nycticorax nycticorax,Black Crowned Night Heron,nycticorax,ardeidae,nearctic;palearctic;neotropical,forest,LC
nymphicus hollandicus,Cockatiel,nymphicus,psittacidae,australian,savanna/grassland,LC
odobenus rosmarus,Walrus,Odobenus,odobenidae,bering sea,ocean,VU
odocoileus virginianus,White-Tailed Deer,odocoileus,cervidae,nearctic,savanna/grassland;forest,LC
okapia johnstoni,Okapi,okapia,giraffidae,ethiopian,forest,EN
oophaga pumilio,Strawberry Poison-Dart Frog,oophaga,dendrobatidae,neotropical,forest;rainforest,LC
ophiophagus hannah,King Cobra,ophiophagus,elapidae,oriental,forest,VU
oreotragus oreotragus,Klipspringer,oreotragus,bovidae,ethiopian,savanna/grasslands,LC
ortalis ruficauda,Rufous-Vented Chachalaca,ortalis,cracidae,neotropical,forest;scrub forest,LC
orycteropus afer,Aardvark,orycteropus,orycteropodidae,ethiopian,savanna/grassland,LC
oryctolagus cuniculus,European Rabbit;Common Rabbit,oryctolagus,leporidae,palearctic;cosmopolitan,savanna/grassland;forest;urban;suburban,NT
oryx dammah,Scimitar-Horned Oryx,oryx,bovidae,ethiopian,desert/dune;chaparral,EW
oryx gazella,Gemsbok,oryx,bovidae,ethiopian,desert/dune;savanna/grassland,LC
oryx leucoryx,Arabian Oryx,oryx,bovidae,ethiopian,desert/dune;savanna/grassland;chaparral,VU
osteolaemus tetraspis,Dwarf Crocodile,osteolaemus,crocodylidae,ethiopian,rivers,VU
osteopilus septentrionalis,Cuban Tree Frog,osteopilus,hylidae,nearctic,forest;rainforest,LC
otidiphaps nobilis,Pheasant Pigeon;Green-Naped Pheasant Pigeon,otidiphaps,columbidae,australian,rainforest,LC
otocolobus manul,Pallas's Cat;Manul,otocolobus,felidae,oriental;palearctic,savanna/grassland;mountains,NT
otocyon megalotis,Bat-Eared Fox,otocyon,canidae,ethiopian,savanna/grassland;scrub,LC
ovibos moschatus,Muskox,ovibos,bovidae,holarctic,tundra,LC
ovis aries,Sheep,ovis,bovidae,palearctic,savanna/grassland,NE
ovis canadensis,Bighorn Sheep,ovis,bovidae,nearctic,mountains,LC
oxyura jamaicensis,Ruddy Duck,oxyura,anatidae,nearctic;neotropical,marsh;lakes,LC
paleosuchus palpebrosus,Dwarf Caiman,paleosuchus,alligatoridae,neotropical,marsh;swamp,LC
pan paniscus,Bonobo,pan,hominidae,ethiopian,forest;rainforest;marsh,EN
pan troglodytes,Common Chimpanzee;Robust Chimpanzee,pan,hominidae,ethiopian,savanna/grassland;chaparral;forest;rainforest;scrub forest,EN
pandinus imperator,Emperor Scorpion,pandinus,scorpionidae,ethiopian,rainforest;savanna/grassland,NE
panthera leo,African Lion,panthera,felidae,palearctic;oriental;ethiopian,savanna/grassland;forest;scrub forest,VU
panthera onca,Jaguar,panthera,felidae,nearctic;neotropical,savanna/grassland;forest;scrub forest,NT
panthera pardus orientalis,Amur Leopard,panthera,felidae,palearctic,forest,CR
panthera tigris altaica,Siberian Tiger;Amur Tiger,panthera,felidae,palearctic,forest,EN
panthera tigris corbetti,Indochinese Tiger,panthera,felidae,oriental,forest;savanna/grassland;swamp;rainforest,EN
panthera tigris jacksoni,Malayan Tiger,panthera,felidae,oriental,forest;riparian,CR
panthera tigris sumatrae,Sumatran Tiger,panthera,felidae,oriental,rainforest;savanna/grassland,CR
panthera tigris tigris,Bengal Tiger;Royal Bengal Tiger,panthera,felidae,oriental,rainforest;savanna/grassland;forest;swamp,EN
panthera uncia,Snow Leopard,panthera,felidae,oriental;palearctic,savanna/grassland;forest;mountains,EN
pantherophis guttatus,Corn Snake,pantherophis,colubridae,nearctic,savanna/grassland,LC
pantherophis obsoletus,Western Rat Snake;Texas Ratsnake;Black Rat Snake;Pilot Black Snake;Black Snake,pantherophis,colubridae,nearctic,savanna/grassland,NE
papilio cresphontes,Giant Swallowtail Butterfly;Orange Dog;Orange Puppy,papilio,papilionidae,nearctic,forest,NE
papilio glaucus,Eastern Tiger Swallowtail Butterfly,papilio,papilionidae,nearctic,savanna/grassland;forest,NE
papilio troilus,Spicebush Swallowtail Butterfly,papilio,papilionidae,nearctic,savanna/grassland;swamp,NE
papio hamadryas,Hamadryas Baboon,papio,cercopithecidae,ethiopian,savanna/grassland,LC
papio papio,Guinea Baboon,papio,cercopithecidae,ethiopian,forest,NT
parabuteo unicinctus,Harris' Hawk,parabuteo,accipitridae,nearctic,forest,LC
paracanthurus hepatus,Blue Tang;Regal Tang;Palette Surgeonfish,paracanthurus,acanthuridae,indian ocean;pacific ocean,reef,LC
parastichopus californicus,Giant California Sea Cucumber,parastichopus,stichopodidae,pacific ocean,reef,NE
paroaria coronata,Red Crested Cardinal,paroaria,thraupidae,neotropical,forest,LC
parupeneus ciliatus,Whitesaddle Goatfish,parupeneus,mullidae,pacific ocean,reef,NE
pauxi pauxi,Helmeted Curassow,pauxi,cracidae,neotropical,mountains;forest,EN
pavo cristatus,Peafowl,pavo,phasianidae,oriental,rainforest,LC
pavo muticus,Javan Green Peafowl,pavo,phasianidae,oriental,forest;savanna/grassland;scrub forest;riparian,EN
pelecanus erythrorhynchos,American White Pelican,pelecanus,pelecanidae,nearctic,lakes;rivers;coastal;brackish water;marsh;estuarine,LC
pelecanus occidentalis,Brown Pelican,pelecanus,pelecanidae,nearctic,lakes,LC
pelecanus onocrotalus,Great White Pelican;Eastern White Pelican;Rosy Pelican,pelecanus,pelecanidae,palearctic,swamp;lakes,LC
pelecanus rufescens,Pink-Backed Pelican,pelecanus,pelecanidae,ethiopian,swamp,LC
peltophryne lemur,Puerto Rican Crested Toad,peltophryne,bufonidae,neotropical,scrub forest;chaparral,CR
pelusios subniger,East African Black Mud Turtle,pelusios,pelomedusidae,ethiopian,marsh;lake,LC
perodicticus potto,Potto,perodicticus,lorisidae,ethiopian,rainforest,LC
petaurus breviceps,Sugar Glider,petaurus,petauridae,australian,forest,LC
petrogale xanthopus,Yellow-Footed Rock-Wallaby,petrogale,macropodidae,australian,savanna/grassland,NT
phacochoerus africanus,Warthog,phacochoerus,suidae,ethiopian,savanna/grassland,LC
phaenicophaeus curvirostris,Chestnut-Breasted Malkoha,phaenicophaeus,cuculidae,oriental,forest,LC
phalacrocorax auritus,Double-Crested Cormorant,phalacrocorax,phalacrocoracidae,nearctic,rivers;lakes;coastal,LC
phalcoboenus megalopterus,Caracara,phalcoboenus,falconidae,neotropical,urban;savanna/grassland,LC
pharomachrus auriceps,Golden-Headed Quetzal,pharomachrus,trogonidae,neotropical,forest,LC
phascolarctos cinereus,Koala,phascolarctos,phascolarctidae,australian,forest,VU
phelsuma grandis,Madagascar Giant Day Gecko,phelsuma,gekkonidae,ethiopian,coastal;forest,LC
phelsuma standingi,Standing's Day Gecko,phelsuma,gekkonidae,madagascan,desert/dune,VU
philantomba monticola,Blue Duikers,philantomba,bovidae,ethiopian,forest;suburb,LC
phoca vitulina,Harbor Seal,phoca,phocidae,atlantic ocean;pacific ocean,ocean,LC
phoeniconaias minor,Lesser Flamingo,phoeniconaias,phascolarctidae,ethiopian;oriental,lakes,NT
phoenicopterus chilensis,Chilean Flamingo,phoenicopterus,phoenicopteridae,neotropical,lakes;estuarine,NT
phoenicopterus roseus,Greater Flamingo,phoenicopterus,phoenicopteridae,ethiopian;oriental;palearctic,lakes,LC
phoenicopterus ruber,Caribbean Flamingo;American Flamingo,phoenicopterus,phoenicopteridae,neotropical,rainforest,LC
phoeniculus purpureus,Green woodhoopoe,phoeniculus,phoeniculidae,ethiopian,suburban,LC
phrynocephalus albolineatus,Secret Toad Headed Agama,phrynocephalus,agamidae,palearctic,savanna/grassland,LC
phrynosoma cornutum,Texas Horned Lizard,phrynosoma,phrynosomatidae,nearctic,desert/dune;savanna/grassland,LC
phyllium biocalatum,Gray's Leaf Insect;Malaysian Walking Leaf Insect,phyllium,phylliidae,oriental,rainforest,NE
phyllobates terribilis,Golden Poison Frog;Golden Poison Arrow Frog;Golden Dart Frog,phyllobates,dendrobatidae,neotropical,rainforest,EN
phyllobates vittatus,Golfodulcean Poison Frog,phyllobates,dendrobatidae,neotropical,forest;river;rainforest,EN
phyllomedusa bicolor,Blue-and-Yellow Frog;Bicolored Tree-Frog;Giant Monkey Frog;Giant Leaf Frog;Waxy-Monkey Treefrog,phyllomedusa,hylidae,neotropical,rainforest;riparian,LC
phyllomedusa sauvagii,Waxy Monkey Tree Frog,phyllomedusa,hylidae,neotropical,forest;rainforest,LC
pionites melanocephalus,Black Headed Caique,pionites,psittacidae,neotropical,forest,LC
pipa parva,Sabana Surinam Toad,pipa,pipidae,neotropical,savanna/grassland;swamp;lakes;marsh,LC
pithecia pithecia,White-Faced Saki Monkey;Guianan Saki;Golden-Faced Saki,pithecia,pitheciidae,neotropical,rainforest,LC
pitta sordida,Hooded Pitta,pitta,pittidae,oriental,forest,LC
pituophis melanoleucus,Mexican Pine Snake,pituophis,colubridae,nearctic,savanna/grassland;desert,LC
pituophis ruthveni,Louisiana Pine Snake,pituophis,colubridae,nearctic,forest,EN
platalea ajaja,Roseate Spoonbill,platalea,threskiornithidae,nearctic;neotropical,savanna/grasslands,LC
platalea alba,African Spoonbill,platalea,threskiornithidae,ethiopian,marsh,LC
platax orbicularis,Orbicular Batfish;Circular Batfish;Orbiculate Batfish;Round Batfish;Orbic Batfis,platax,ephippidae,indian ocean;pacific ocean,brackish water;reef,NE
platymeris biguttata,White-Eyed Assassin Bug;Two-Spotted Assassin Bug,platymeris,reduviidae,ethiopian,rainforest;forest,NE
platysternon megacephalum,Chinese Big-Headed Turtle,platysternon,platysternidae,palearctic,rivers,EN
plestiodon fasciatus,Five-Lined Skink,plestiodon,scincidae,nearctic,forest,NE
plestiodon obsoletus,Great Plains Skink,plestiodon,scincidae,nearctic,savanna/grassland,LC
ploceus castaneiceps,Taveta Weaver;Taveta Golden Weaver,ploceus,ploceidae,ethiopian,forest,LC
pluvianus aegyptius,Egyptian Plover,pluvianus,pluvianidae,ethiopian,forest,LC
podargus strigoides,Tawny Frogmouth,podargus,podargidae,australian,forest,LC
podocnemis expansa,Arrau Turtle,podocnemis,podocnemididae,neotropical,lakes,LC
podocnemis unifilis,Yellow-Spotted Amazon River Turtle,podocnemis,podocnemididae,ethiopian,lake;rivers,VU
poephila acuticauda,Long-Tailed Finch,poephila,estrildidae,australian,forest,LC
pogona vitticeps,Central Bearded Dragon,pogona,agamidae,australian,desert/dune,NE
pogonias cromis,Black Drum,pogonias,sciaenidae,atlantic ocean,brackish water;coast,NE
polihierax semitorquatus,African Pygmy Falcon,polihierax,falconidae,ethiopian,desert/dune;savanna/grassland;scrub forest,LC
polypedates otilophus,Borneo Eared Frog;Bony-Headed Flying Frog,polypedates,rhacophoridae,oriental,forest;rainforest;shrub forest,NE
polyplectron napoleonis,Palawan Peacock-Pheasant,polyplectron,phasianidae,oriental,forest,VU
polytelis alexandrae,Princess Parrot;Queen Alexandra Parrot;Alexandra's Parakeet;Princess of Wales Parakeet;Rose-Throated Parakeet;Spinifex Parrot,polytelis,psittaculidae,australian,desert/dune;savanna/grassland;scrub forest,NT
pomacanthus imperator,Emperor Angelfish;Semicircle Angelfish;Koran Angelfish,pomacanthus,pomacentridae,indian ocean;pacific ocean,reef,LC
pongo abelii,Sumatran Orangutan,pongo,hominidae,oriental,rainforest;swamp;riparian,CR
pongo pygmaeus,Bornean Orangutan,pongo,hominidae,oriental,forest,CR
potamochoerus porcus,Red River Hog,potamochoerus,suidae,ethiopian,forest,LC
potos flavus,Kinkajou,potos,procyonidae,neotropical,rainforest,LC
premnas biaculeatus,Maroon Clownfish;Spinedcheek Anemonefish,premnas,pomacentridae,indian ocean;pacific ocean,reef;coastal,NE
primolius auricollis,Yellow-Collared Macaw,primolius,psittacidae,neotropical,rainforest;savanna/grassland,LC
prionotus carolinus,Northern Sea Robin;Common Sea Robin;Gurnard,prionotus,triglidae,atlantic ocean,coastal,NE
probosciger aterrimus,Palm Cockatoo;Goliath Cockatoo;Great Black Cockatoo,probosciger,cacatuidae,australian,rainforest;forest,LC
procavia capensis,Rock Hyrax;Rock Badger,procavia,procaviidae,ethiopian,desert/dune;scrub forest;savanna/grassland,LC
propithecus coquereli,Coquerel's Sifaka,propithecus,indriidae,madagascan,forest,EN
pseudanthias dispar,Peach Anthias;Orange Fairy Basslet,pseudanthias,serranidae,indian ocean;pacific ocean;australian,reef,NE
pseudemys concinna,Eastern River Cooter,pseudyms,emydidae,nearctic,rivers;brackish water,NE
pseudemys texana,Texas Cooter Turtle,pseudemys,emydidae,nearctic,rivers;lakes,LC
pseudeos fuscata,Dusky lory,pseudeos,psittaculidae,palearctic;ethiopian,forest,LC
pseudopus apodus,European Legless Lizard,pseudopus,anguidae,palearctic,savanna/grassland,LC
psittacula derbiana,Derbyan Parakeet,psittacula,psittaculidae,palearctic,forest,NT
psittrichas fulgidus,Pesquet's Parrot,psittrichas,psittaculidae,australian,rainforest,VU
psophia crepitans,Grey-Winged Trumpeter,psophia,psophiidae,neotropical,rainforest,NT
pterinochilus murinus,Mombasa Golden Starburst Tarantula,pterinochilus,theraphosidae,ethiopian,suburban;scrub forest;forest,NE
pteroglossus viridis,Green Aracari,pteroglossus,ramphastidae,neotropical,forest,LC
pterois volitans,Red Lionfish;Red Firefish,pterois,pteroinae,indian ocean;pacific ocean,reef;coastal,NE
pteronura brasiliensis,Giant Otter,pteronura,mustelidae,neotropical,lakes;rivers,EN
pteropus giganteus,Indian Flying Fox;Indian Flying Fruit Bat,pteropus,pteropodidae,oriental,forest,LC
pteropus rodricensis,Rodrigues Flying Fox;Rodrigues Fruit Bat,pteropus,pteropodidae,madagascan,forest,CR
ptilinopus jambu,Jambu Fruit Dove,ptilinopus,columbidae,palearctic,swamp,NT
ptilinopus magnificus,Wompoo Fruit Dove,ptilinopus,columbidae,ethiopian;australian,forest,LC
ptilinopus pulchellus,Beautiful Fruit Dove;Black-naped fruit dove,ptilinopus,columbidae,australian,forest,LC
ptilinopus roseicapilla,Mariana Fruit Dove,ptilinopus,columbidae,nearctic,forest,EN
ptychozoon horsfieldii,Flying Gecko,ptychozoon,gekkonidae,palearctic,forest,NE
pulsatrix perspicallata,Brazilian Spectacled Owl,pulsatrix,strigidae,neotropical,forest;rainforest;riparian,LC
puma concolor,Cougar;Mountain Lion;Puma;Panther;Catamount,puma,felidae,nearctic,savanna/grassland,EN
puma concolor coryi,Florida Panther,puma,felidae,nearctic,forest;swamp,CR
pygathrix nemaeus,Red-Shanked Douc,pygathrix,cercopithecidae,oriental,forest;rainforest,EN
pygocentrus nattereri,Red-Bellied Piranha,pygocentrus,serrasalmidae,neotropical,rivers,NE
pygoscelis papua,Gentoo Penguin,pygoscelis,spheniscidae,holarctic,taiga,NT
python bivittatus,Burmese Python,python,boidae,oriental,riparian;swamp;forest;marsh;savanna/grassland,VU
python regius,Ball Python,python,boidae,ethiopian,savanna/grassland,LC
python reticulatus,Reticulated Python,python,boidae,oriental,rainforest,VU
python sebae,African Rock Python,python,pythonidae,ethiopian,forest,NE
pyxicephalus adspersus,African Bullfrog,pyxicephalus,pyxicephalidae,ethiopian,savanna/grassland;marsh;swamp,LC
pyxis arachnoides,Spider Tortoise,pyxis,testudinidae,madagascan,scrub forest,CR
pyxis planicauda,Flat-Backed Spider Tortoise;Flat-Tailed Tortoise,pyxis,testudinidae,madagascan,forest,CR
querula purpurata,Purple-Throated Fruitcrow,querula,cotingidae,neotrpical,forest;rainforest,LC
ramphastos ambiguus swainsonii,Chestnut-mandibled toucan,ramphastos,ramphastidae,neotropical,rainforest,LC
ramphastos sulfuratus,Keel Billed Toucan,ramphastos,ramphastidae,neotropical,rainforest,LC
ramphastos toco,Toco Toucan,ramphastos,ramphastidae,neotropical,forest;savanna/grassland;scrub forest;riparian,LC
ramphastos tucanus,Red-billed Toucan,ramphastos,ramphastidae,neotropical,rainforest,VU
ramphastos vitellinus,Channel-Billed Toucan,ramphastos,ramphastidae,neotropical,rainforest,VU
rangifer tarandus,Reindeer,rangifer,cervidae,holarctic,tundra,VU
rhacodactylus chahoua,Mossy Prehensile Tailed Gecko,rhacodactylus,diplodactylidae,australian,coastal,VU
rhacodactylus leachianus,Caledonian Giant Gecko,rhacodactylus,diplodactylidae,australian,forest,LC
rhacophorus nigropalmatus,Wallace's Flying Frog,rhacophorus,rhacophoridae,oriental,forest;rainforest,LC
rhea americana,Greater Rhea,rhea,rheidae,neotropical,scrub forest;savanna/grassland,NT
rhinecanthus aculeatus,Lagoon Triggerfish;Picasso Triggerfish,rhinecanthus,balistidae,indian ocean;pacific ocean,reef,NE
rhinella marina,Cane toad,rhinella,bufonidae,neotropical,forest,LC
rhinoceros unicornis,Indian Rhinoceros;Greater One-Horned Rhinoceros;Great Indian Rhinoceros,rhinoceros,rhinocerotidae,oriental,savanna/grassland;forest;scrub forest,VU
rhinoptera bonasus,Cownosed Ray,rhinoptera,myliobatidae,atlantic ocean,brackish water,NT
rhynchocyon petersi,Black And Rufous Elephant shrew,rhynchocyon,macroscelididae,ethiopian,forest,VU
rhynchophis boulengeri,Rhinoceros Ratsnake;Rhinoceros Snake;Rhino Rat Snake;Vietnamese Longnose Snake,rhynchophis,colubridae,oriental,rainforest,LC
rhynchopsitta pachyrhyncha,Thick-Billed Parrot,rhynchopsitta,psittacidae,nearctic,forest,EN
rhynochetos jubatus,Kagu,rhynochetos,rhynochetidae,australian;island endemic,mountains;forest,EN
rhyticeros undulatus,Wreathed Hornbill,rhyticeros,bucerotidae,oriental,rainforest;forest,LC
rollulus rouloul,Crested Partridge;Crested Wood Partridge;Roul-Roul;Red-Crowned Wood Partridge;Green Wood Quail;Green Wood Partridge,rollulus,phasianidae,oriental,rainforest,NT
rousettus aegyptiacus,Egyptian Fruit Bat,rousettus,pteropodidae,ethiopian,forest,LC
rousettus lanosus,Ruwenzori Long-Haired Fruit Bat,rousettus,pteropodidae,ethiopian,rainforest,LC
rupicula peruvianis,Andean Cock-of-the-Rock;Tunki,rupicola,cotingidae,neotropical,forest,LC
sagittarius serpentarius,Secretary Bird,sagittarius,sagittariidae,ethiopian,forests;savanna/grassland,VU
saguinus bicolor,Pied Tamarin,saguinus,callitrichidae,neotropical,rainforest,EN
saguinus imperator,Emperor Tamarin,saguinus,callitrichidae,neotropical,rainforest,LC
saguinus oedipus,Cotton-Top Tamarin,saguinus,callitrichidae,neotropical,rainforest,CR
saimiri oerstedii,Central American Squirrel Monkey,saimiri,cebidae,neotropical,rainforest,VU
saimiri sciureus,Squirrel Monkey,saimiri,cebidae,neotropical,rainforest,NE
salamandra salamandra,Fire Salamander,salamandra,salamandridae,palearctic,forest,LC
salvator merianae,Argentine Black And White Tegu,salvator,teiidae,neotropical,rainforest,LC
sanzinia madagascariensis,Madagascar Tree Boa,sanzinia,boidae,madagascan,rainforest,LC
sarcophilus harrisii,Tasmanian Devil,sarcophilus,dasyuridae,australian,forest;urban,EN
sarcoramphus papa,King Vulture,sarcoramphus,cathartidae,neotropical,forest,LC
sardina pilchardus,Sardine;Pilchard,sardina,clupeidae,atlantic ocean,brackish water,NE
sargocentron seychellense,Yellow-Tipped Squirrelfish,sargocentron,holocentridae,indian ocean;pacific ocean,reef,NE
sauromalus varius,San Esteban Island Chuckwalla;Piebald Chuckwalla;Pinto Chuckwalla,sauromalus,iguanidae,nearctic,desert/dune,EN
scaphiopus hurterii,Hurter's Spadefoot Toad,scaphiopus,scaphiopodidae,nearctic,savanna/grassland,LC
sceloporus olivaceus,Texas Spiny Lizard,sceloporus,phrynosomatidae,nearctic,suburb;forest,LC
scissirostrum dubium,Grosbeak Starling;Grosbeak Myna;Finch-Billed Myna;Scissor-Billed Starling,scissirostrum,sturnidae,oriental,forest;swamp,LC
scolopendra subspinipes,Vietnamese Centipede,scolopendra,scolopendridae,oriental;palearctic;neotropical,savanna/grassland,NE
scopus umbretta,Hamerkop,scopus,scopidae,ethiopian,forest,LC
selene vomer,Lookdown,selene,carangidae,atlantic ocean,ocean,NE
shinisaurus crocodilurus,Chinese Crocodile Lizard,shinisaurus,shinisauridae,palearctic,coastal;riparian,EN
sialia sialis,Eastern Bluebird,sialia,turdidae,nearctic,forest,LC
siganus unimaculatus,Blotched Foxface,siganus,siganidae,indian ocean;pacific ocean,reef,NE
sistrurus catenatus,Massasauga;Eastern Massasauga Rattlesnake,sistrurus,viperidae,nearctic,riparian;swamp;forest,LC
smilisca baudinii,Mexican Tree Frog,smilisca,hylidae,nearctic,forest;savanna/grassland,LC
somateria fischeri,Spectacled Eider,somateria,anatidae,nearctic,tunda;coastal,LC
somateria mollissima,Common Eider,somateria,anatidae,nearctic;palearctic;holarctic,tundra;coastal,LC
speothos venaticus,Bush Dog,speothos,canidae,neotropical,savanna/grasslands,NT
spheniscus demersus,African Penguin;Jackass Penguin,spheniscus,spheniscidae,ethiopian,coastal,EN
spheniscus humboldti,Humboldt Penguin,spheniscus,spheniscidae,neotropical,coastal,VU
spheniscus magellanicus,Magellanic Penguin,spheniscus,spheniscidae,neotropical,coastal,NT
stegostoma fasciatum,Zebra Shark;Leopard Shark,stegostoma,stegostomatidae,indian ocean;pacific ocean,reef;coastal,VU
sternotherus odoratus,Musk Turtle,sternotherus,kinosternidae,nearctic,swamp;lakes,LC
stictonetta naevosa,Freckled Duck,stictonetta,anatidae,australian,lake,LC
streptopelia capicola,Ringneck Dove,streptopelia,columbidae,ethiopian,forest;savanna/grassland,LC
strix varia,Barred Owl,strix,strigidae,nearctic,forest,LC
struthio camelus,Ostrich,struthio,struthionidae,ethiopian,savanna/grassland;scrub forest,LC
suricata suricatta,Meerkat,suricata,herpestidae,ethiopian,desert/dune,LC
sus scrofa,Wild Boar,sus,suidae,cosmopolitan,savanna/grassland;forest;marsh;swamp;riparian,LC
symphalangus syndactylus,Siamang,symphalangus,hylobatidae,oriental,forest,EN
syngnathus leptorhyncus,Bay Pipefish,syngnathus,syngnathidae,pacific ocean,coastal,NE
tachyphonus rufus,White-Lined Tanager,tachyphonus,thraupidae,neotropical,forest,LC
tadorna tadorna,Common Shelduck,tadorna,anatidae,palearctic,lakes,LC
taeniopygia bichenovii,Double-Barred Finch,taeniopygia,estrildidae,australian,savanna/grassland;scrub forest,LC
taeniopygia guttata,Zebra Finch,taeniopygia,estrildidae,nearctic;oriental,forest,LC
tamandua tetradactyla,Souterhn Tamandua;Collard Anteater;Lesser Anteater,tamandua,myrmecophagidae,neotropical,savanna/grassland;forest;rainforest;scrub forest,LC
tapirus bairdii,Baird's Tapir,tapirus,tapiridae,neotropical,savanna/grassland;forest,EN
tapirus indicus,Malayan Tapir,tapirus,tapiridae,oriental,savanna/grassland;forest,EN
tauraco erythrolophus,Red-Crested Turaco,tauraco,musophagidae,ethiopian,forest,LC
tauraco leucolophus,White-Crested Turaco,tauraco,musophagidae,ethiopian,forest;riparian,LC
taurotragus derbianus,Giant Eland;Lord Derby Eland,taurotragus,bovidae,ethiopian,savanna/grassland;forest,LC
taxidea taxus,American Badger,taxidea,mustelidae,nearctic,savanna/grassland,LC
terrapene carolina,Common Box Turtle,terrapene,emydidae,nearctic,forest;savanna/grassland,VU
terrapene carolina carolina,Eastern Box Turtle,terrapene,emydidae,nearctic,rivers;lakes,VU
terrapene coahuila,Coahuilan Box Turtle,terrapene,emydidae,neotropical,marsh,EN
terrapene ornata,Ornate Box Turtle,terrapene,emydidae,nearctic,savanna/grassland,NT
terrapene ornata ornata,Ornate Box Turtle,terrapene,emydidae,nearctic,savanna/grassland,NT
testudo graeca,Spur-Thigh Tortoise,testudo,testudinidae,palearctic,savanna/grassland,VU
testudo kleinmanni,Egyptian Tortoise;Kleinmann's Tortoise;Leith's Tortoise,testudo,testudinidae,palearctic,desert/dune;scrub forest,CR
thamnophis dorsalis,New Mexico Gartersnake,thamnophis,colubridae,nearctic,marsh;lake,LC
thamnophis rufipunctatus,Narrowhead Gartersnake,thamnophis,colubridae,nearctic,marsh;lake,LC
thamnophis sauritus,Gulf Coast Ribbon Snake,thamnophis,colubridae,nearctic,riparian;swamp;marsh;rivers;lakes,NE
thamnophis sirtalis,Garter Snake,thamnophis,colubridae,nearctic,savanna/grassland;forest,LC
theloderma corticale,Mossy Tree Frog,theloderma,rhacophoridae,palearctic,rainforest,NE
theraphosa blondi,Goliath Bird Eating Tarantula,theraphosa,theraphosidae,neotropical,rainforest,NE
theropithecus gelada,Gelada,theropithecus,cercopithecidae,ethiopian,mountains,LC
thraupis episcopus,Blue-Gray Tanager,thraupis,thraupidae,neotropical,forest;rainforest,LC
threskiornis aethiopicus,African Sacred Ibis,threskiornis,threskiornithidae,ethiopian,marsh,LC
threskiornis spinicollis,Straw-Necked Ibis,threskiornis,threskiornithidae,australian,swamp;marsh;savanna/grassland,LC
tiliqua scincoides,Eastern Blue-Tongued Skink,tiliqua,scincidae,australian,scrub forest;suburban,NE
tockus flavirostris,Eastern Yellow-Billed Hornbill;Northern Yellow-Billed Hornbill,tockus,bucerotidae,ethiopian,forest,LC
todiramphus chloris,Collared Kingfisher,todiramphus,alcedinidae,oriental,forest,LC
todiramphus cinnamominus,Micronesian Kingfisher;Guam Kingfisher,todiramphus,alcedinidae,island endemic,forest,EW
tolypeutes matacus,Southern Three-Banded Armadillo,tolypeutes,chlamyphoridae,neotropical,scrub forest,NT
tolypeutes tricinctus,Three-Banded Armadillo,tolypeutes,dasypodidae,neotropical,savanna/grassland,VU
tomistoma schlegelii,False Gharial,tomistoma,gavialidae,oriental,swamps;lakes;rivers,VU
torgos tracheliotos,Lappet-faced vulture,torgos,accipitridae,ethiopian,savanna/grassland,EN
trachemys scripta,Pond Slider;Common Slider Turtle,trachemys,emydidae,nearctic,lakes;rivers;swamp;riparian,LC
trachemys scripta elegans,Red Eared Slider,trachemys,emydidae,nearctic,lake;marsh,LC
trachycephalus resinifictrix,Mission Golden-Eyed Tree Frog;Amazon Milk Frog,trachycephalus,hylidae,neotropical,rainforest;forest,LC
trachypithecus obscurus,Spectacled Langur;Dusky Leaf Monkey,trachypithecus,cercopithecidae,oriental,taiga;forest;rainforest,NT
tragelaphus angasii,Nyala,tragelaphus,bovidae,ethiopian,forest;savanna/grassland,LC
tragelaphus eurycerus,Bongo,tragelaphus,bovidae,ethiopian,rainforest;scrub forest;mountains,NT
tragelaphus imberbis,Lesser Kudu,tragelaphus,bovidae,ethiopian,savanna/grassland;scrub forest,NT
tragelaphus spekii,Sitatunga,tragelaphus,bovidae,ethiopian,swamp;marsh;lakes,LC
tragelaphus strepsiceros,Greater Kudu,tragelaphus,bovidae,ethiopian,savanna/grassland;forest;scrub forest,LC
tragopan caboti,Cabot's Tragopan Pheasant,tragophan,phasianidae,oriental,forest;mountains,VU
tremarctos ornatus,Andean Bear;Spectacled Bear,tremarctos,ursidae,neotropical,mountains,VU
treron waalia,Bruce's Green Pigeon,treron,columbidae,ethiopian,forest,LC
tribolonotus gracilis,Crocodile Skink;Red-eyed Crocodile Skink,tribolonotus,scincidae,australian,rainforest,NE
trichoglossus capistratus,Marigold lorikeet,trichoglossus,psittacidae,palearctic,forest,LC
trichoglossus euteles,Olive headed lorikeet,trichoglossus,psittaculidae,palearctic,forest,LC
trichoglossus haematodus,Rainbow Lorikeet;Parrot,trichoglossus,psittacidae,australian,forest,LC
trichoglossus moluccanus,Swainson's Lorikeet,trichoglossus,psittaculidae,ethiopian,rainforest,LC
trimeresurus mangshanensis,Mangshan Mountain Pitviper,trimeresurus,viperidae,oriental,mountains;forest,EN
trimeresurus mcgregori,McGregor's Pit Viper,trimeresurus,viperidae,oriental,forest,NE
trimeresurus trigonocephalus,Sri Lanka Palm Viper,trimeresurus,viperidae,palearctic,savanna/grassland;rainforest,NE
trioceros melleri,Meller's Chameleon,trioceros,chamaeleonidae,ethiopian,savanna/grassland;mountains,LC
trogon chionurus,White-Tailed Trogon,trogon,trogonidae,neotropical,forest;rainforest,LC
tupaia belangeri,Northern Tree Shrew,tupaia,tupaiidae,oriental,forest,LC
tursiops truncatus,Bottlenose Dolphin,tursiops,delphinidae,ocean,ocean,LC
tylototriton shanjing,Emperor Newt;Mandarin Newt;Mandarin Salamander,tylototriton,salamandridae,palearctic,rivers;lakes,NT
tympanuchus cupido attwateri,Attwater's Prairie Chicken,tympanuchus,phasianidae,nearctic,savanna/grassland,NE
typhlonectes natans,Aquatic Caecilian;Rubber Eel,typhlonectes,typhlonectidae,neotropical,savanna/grassland;scrub forest;rivers,LC
tyrannus forficatus,Scissor-Tail Flycatcher,tyrannus,tyrannidae,nearctic;neotropical,forest,LC
tyrannus verticalis,Western Kingbird,tyrannus,tyrannidae,neotropical,suburb/forest,LC
tyto alba,Barn Owl,tyto,tytonidae,nearctic;west indian;neotropical;argentine;mediterranean;ethiopian;oriental;australian,savanna/grassland;urban,LC
uncia uncia,Snow Leopard,panthera,felidae,oriental,forest;mountains,EN
uria aalge,Common Murre,uria,alcidae,nearctic,coastal,LC
urocissa erythororyncha,Red-Billed Blue Magpie,urocissa,corvidae,oriental,forest;scrub forest;mountains,LC
urocissa erythroryncha,Red-Billed Blue Magpie,urocissa,corvidae,oriental,forest;scrub forest,LC
uroplatus fimbriatus,Giant Leaf-Tailed Gecko,uroplatus,gekkonidae,madagascan,rainforest,LC
uroplatus henkeli,Henkel's Leaf-Tailed Gecko,uroplatus,gekkonidae,madagascan,forest,VU
ursus americanus,American Black Bear,ursus,ursidae,nearctic,forest,LC
ursus arctos,Brown Bear,ursus,ursidae,nearctic;palearctic;holarctic,tundra;taiga;desert/dune;savanna/grassland;chaparral;forest;scrub forest;mountains,LC
ursus arctos horribilis,Grizzly Bear;Silvertip Bear;North American Brown Bear,ursus,ursidae,nearctic,tundra;taiga;savanna/grassland;chaparral;forest;scrub forest;mountains,LC
ursus maritimus,Polar Bear,ursus,ursidae,holarctic,polar ice,VU
ursus thiberanus,Asiatic Black Bear,ursus,ursidae,oriental,forest,VU
vanellus armatus,Blacksmith Lapwing;Blacksmith Plover,vanellus,charadriidae,ethiopian,marsh;swamp;savanna/grassland,LC
vanellus chilensis,Southern Lapwing,vanellus,charadriidae,neotropical,forest;river,LC
vanellus miles,Masked Lapwing;Masked Plover;Spur-Winged Plover,vanellus,charadriidae,australian,coastal;marsh;swamp,LC
vanessa cardui,Painted Lady,vanessa,nymphalidae,cosmopolitan,savanna/grassland,NE
varanus beccarii,Black Tree Monitor Lizard,varanus,varanidae,ethiopian,forest,NE
varanus komodoensis,Komodo Dragon,varanus,varanidae,oriental,savanna/grassland;forest,VU
varanus prasinus,Green Tree Monitor;Emerald Tree Monitor,varanus,varanidae,australian,rainforest;forest,NE
varanus salvadorii,Crocodile Monitor;Papuan Monitor;Salvadori's Monitor;Artellia,varanus,varanidae,australian,rainforest;swamp,NE
varanus tristis,Black-Headed Monitor,varanus,varanidae,australian,savanna/grassland;scrub;scrub forest,NE
varecia rubra,Red Ruffed Lemur,varecia,lemuridae,madagascan,forest;rainforest;scrub forest,CR
varecia variegata,Black and White Ruffed Lemur,varecia,lemuridae,madagascan,forest;rainforest;scrub forest,CR
vicugna pacos,Alpaca,vicugna,camelidae,neotropical,savanna/grassland;mountains,NE
vipera raddei,Rock Viper;Radde's Mountain Viper;Armenian Mountain Viper;Armenian Mountain Adder,vipera,viperidae,palearctic,mountains;scrub forest,NT
vombatus ursinus,Tasmanian Wombat,vombatus,vombatidae,australian,mountains,LC
vulpes lagopus,Arctic Fox,vulpes,canidae,holarctic,taiga,LC
vulpes velox,Swift Fox,vulpes,canidae,nearctic,desert/dune;savanna/grassland,LC
vulpes vulpes,Red fox,vulpes,canidae,nearctic,forest,LC
vulpes zerda,Fennec Fox,vulpes,canidae,ethiopian,savanna/grasslands,LC
vultur gryphus,Andean Condor,vultur,cathartidae,neotropical,mountains,NT
xipholena punicea,Pompadour Cotinga,xipholena,cotingidae,neotropical,forest;rainforest,LC
zalophus californianus,California Sea Lion,zalophus,otariidae,nearctic;pacific ocean,rivers;coastal,LC
zebrasoma flavescens,Yellow Tang,zebrasoma,acanthuridae,pacific ocean;indian ocean,reef,LC
zebrasoma velifer,Sailfin Tang,zebrasoma,acanthuridae,pacific ocean,reef,NE
zenaida graysoni,Socorro Dove,zenaida,columbidae,nearctic,forest,EW
zosterops palpebrosus,Oriental White-Eye,zosterops,zosteropidae,oriental,rainforest;forest;scrub forest,LC
